Category,Sentence,Pattern,Highlights
Prepositions,"Chilling on the couch, reading about the Prime Minister.",noun + preposition + noun,"{""special"": [""on""]}"
Present simple,"Oh, what's he done now?",Subject + verb (present),"{""verbs"": [""'s""]}"
To be,"Oh, what's he done now?",Subject + to be,"{""special"": [""'s""]}"
Questions,"Oh, what's he done now?",Question word + aux + subject + verb,"{""special"": [""what""]}"
Can/Could,"Dad, can you play a song on your phone for us?",pronouns + can/could + verb,"{""verbs"": [], ""special"": [""can""]}"
Questions,"Dad, can you play a song on your phone for us?",Question word + aux + subject + verb,"{""special"": [""can""]}"
Prepositions,"Dad, can you play a song on your phone for us?",noun + preposition + noun,"{""special"": [""on""]}"
Possessives,"Dad, can you play a song on your phone for us?",possessive + noun,"{""special"": [""your""]}"
Present simple,"Ah... yeah, OK. As long as it's not too annoying.",Subject + verb (present),"{""verbs"": [""'s""]}"
To be,"Ah... yeah, OK. As long as it's not too annoying.",Subject + to be,"{""special"": [""'s""]}"
Present simple,"No, it's not annoying.",Subject + verb (present),"{""verbs"": [""'s""]}"
To be,"No, it's not annoying.",Subject + to be,"{""special"": [""'s""]}"
Present simple,What's it called?,Subject + verb (present),"{""verbs"": [""'s""]}"
To be,What's it called?,Subject + to be,"{""special"": [""'s""]}"
Questions,What's it called?,Question word + aux + subject + verb,"{""special"": [""What""]}"
Present simple,OK. There you go.,Subject + verb (present),"{""verbs"": [""go""]}"
Present simple,# He has pickles,Subject + verb (present),"{""verbs"": [""has""]}"
Present simple,# And he has cheese,Subject + verb (present),"{""verbs"": [""has""]}"
Connecting words,# And he has cheese,clause + and/but/because + clause,"{""special"": [""And""]}"
Past simple,"# He was a weiner, but now he’s a Burger Dog",Pronouns + verb (past),"{""verbs"": [""was""]}"
To be,"# He was a weiner, but now he’s a Burger Dog",Subject + to be,"{""special"": [""was""]}"
Connecting words,"# He was a weiner, but now he’s a Burger Dog",clause + and/but/because + clause,"{""special"": [""but""]}"
Past simple,"Ah, sorry, kids – my phone's ran out of battery.",Pronouns + verb (past),"{""verbs"": [""ran""]}"
Possessives,"Ah, sorry, kids – my phone's ran out of battery.",possessive + noun,"{""special"": [""my""]}"
Present simple,"No, it hasn't!",Subject + verb (present),"{""verbs"": [""has""]}"
Imperatives,Show us!,Verb + (object),"{""verbs"": [""Show""]}"
Present simple,[Bluey] You’re tricking us! [Bingo] Argh!,Subject + verb (present),"{""verbs"": [""\u2019re""]}"
Present simple,[Bluey] Just because the screen is black...  - Get off me!,Subject + verb (present),"{""verbs"": [""is""]}"
To be,[Bluey] Just because the screen is black...  - Get off me!,Subject + to be,"{""special"": [""is""]}"
Connecting words,[Bluey] Just because the screen is black...  - Get off me!,clause + and/but/because + clause,"{""special"": [""because""]}"
Present simple,- ...doesn’t mean it's out of battery!  - Bluey!,Subject + verb (present),"{""verbs"": [""does"", ""'s""]}"
To be,- ...doesn’t mean it's out of battery!  - Bluey!,Subject + to be,"{""special"": [""'s""]}"
Present simple,I know!,Subject + verb (present),"{""verbs"": [""know""]}"
Present simple,"Look, I really want to listen to Hamburger Dog too,",Subject + verb (present),"{""verbs"": [""want""]}"
Present simple,it's a hauntingly beautiful song.,Subject + verb (present),"{""verbs"": [""'s""]}"
To be,it's a hauntingly beautiful song.,Subject + to be,"{""special"": [""'s""]}"
Present simple,"But, you know, these new phones,",Subject + verb (present),"{""verbs"": [""know""]}"
Connecting words,"But, you know, these new phones,",clause + and/but/because + clause,"{""special"": [""But""]}"
Present simple,"when you update the software, it stops your battery.",Subject + verb (present),"{""verbs"": [""update"", ""stops""]}"
Possessives,"when you update the software, it stops your battery.",possessive + noun,"{""special"": [""your""]}"
Numbers,"You know, they're trying to make you get the flash new one. - (Groans)",Noun + verb + number + noun,"{""numbers"": [""one""]}"
Present continuous,"You know, they're trying to make you get the flash new one. - (Groans)",be + verb-ing,"{""verbs"": [""trying""], ""special"": [""'re""]}"
Present simple,But I'm not having it! - Rrr-rrr!,Subject + verb (present),"{""verbs"": [""'m""]}"
Present continuous,But I'm not having it! - Rrr-rrr!,be + verb-ing,"{""verbs"": [""having""], ""special"": [""'m""]}"
Connecting words,But I'm not having it! - Rrr-rrr!,clause + and/but/because + clause,"{""special"": [""But""]}"
Present simple,"Rrr! - It's out of battery, kid.",Subject + verb (present),"{""verbs"": [""'s""]}"
To be,"Rrr! - It's out of battery, kid.",Subject + to be,"{""special"": [""'s""]}"
Adverbs of frequency,"Trust me, I would never lie to you.",Subject + adverb + verb,"{""special"": [""never""]}"
Questions,Hello?,Question word + aux + subject + verb,"{""special"": []}"
Present simple,Are you lying to your children again?  [Bluey and Bingo] Yes.,Subject + verb (present),"{""verbs"": [""Are""]}"
Present continuous,Are you lying to your children again?  [Bluey and Bingo] Yes.,be + verb-ing,"{""verbs"": [""lying""], ""special"": [""Are""]}"
Connecting words,Are you lying to your children again?  [Bluey and Bingo] Yes.,clause + and/but/because + clause,"{""special"": [""and""]}"
Possessives,Are you lying to your children again?  [Bluey and Bingo] Yes.,possessive + noun,"{""special"": [""your""]}"
Numbers,All right. A brand new Bingo 3000.,Noun + verb + number + noun,"{""numbers"": [""3000""]}"
Directions,All right. A brand new Bingo 3000.,verb + direction,"{""special"": [""right""]}"
Imperatives,Come and check it out.,Verb + (object),"{""verbs"": [""Come""]}"
Connecting words,Come and check it out.,clause + and/but/because + clause,"{""special"": [""and""]}"
Questions,"Hey, what?",Question word + aux + subject + verb,"{""special"": [""what""]}"
Present simple,"Well, that's not right.",Subject + verb (present),"{""verbs"": [""'s""]}"
To be,"Well, that's not right.",Subject + to be,"{""special"": [""'s""]}"
Directions,"Well, that's not right.",verb + direction,"{""special"": [""right""]}"
Present simple,There we go. - Boop!,Subject + verb (present),"{""verbs"": [""go""]}"
Present simple,"Oh, man. This thing's busted.",Subject + verb (present),"{""verbs"": [""'s""]}"
To be,"Oh, man. This thing's busted.",Subject + to be,"{""special"": [""'s""]}"
To be,- (GIGGLES) - Must be a number on here somewhere.,Subject + to be,"{""special"": [""be""]}"
Prepositions,- (GIGGLES) - Must be a number on here somewhere.,noun + preposition + noun,"{""special"": [""on""]}"
Present simple,Here we go.,Subject + verb (present),"{""verbs"": [""go""]}"
Numbers,3-3-3-4-4-4-5-3-3.,Noun + verb + number + noun,"{""numbers"": [""3"", ""3"", ""3"", ""4"", ""4"", ""4"", ""5"", ""3"", ""3""]}"
Present simple,"Er, yeah, hello? Yes, I'm fine, yeah.",Subject + verb (present),"{""verbs"": [""'m""]}"
To be,"Er, yeah, hello? Yes, I'm fine, yeah.",Subject + to be,"{""special"": [""'m""]}"
Past simple,"Look, I just bought a Bingo 3000.",Pronouns + verb (past),"{""verbs"": [""bought""]}"
Numbers,"Look, I just bought a Bingo 3000.",Noun + verb + number + noun,"{""numbers"": [""3000""]}"
Present simple,I'm having some problem with the bottom kind of legs bit.,Subject + verb (present),"{""verbs"": [""'m""]}"
Present continuous,I'm having some problem with the bottom kind of legs bit.,be + verb-ing,"{""verbs"": [""having""], ""special"": [""'m""]}"
Present simple,"Yeah, you straighten them out and they just go back up. - Boop!",Subject + verb (present),"{""verbs"": [""straighten"", ""go""]}"
Connecting words,"Yeah, you straighten them out and they just go back up. - Boop!",clause + and/but/because + clause,"{""special"": [""and""]}"
Past simple,"Yeah, I tried that. Doesn't work.",Pronouns + verb (past),"{""verbs"": [""tried""]}"
Present simple,"Gnnnnn! OK, I’ve jiggled it.",Subject + verb (present),"{""verbs"": [""\u2019ve""]}"
Past simple,"- Boop! - Nah, didn't work, mate.",Pronouns + verb (past),"{""verbs"": [""did""]}"
Past simple,What else you got?,Pronouns + verb (past),"{""verbs"": [""got""]}"
Questions,What else you got?,Question word + aux + subject + verb,"{""special"": [""What""]}"
Present simple,"Yeah, OK. I'm looking underneath.",Subject + verb (present),"{""verbs"": [""'m""]}"
Present continuous,"Yeah, OK. I'm looking underneath.",be + verb-ing,"{""verbs"": [""looking""], ""special"": [""'m""]}"
Can/Could,"Just poke around? OK, can do. - (SQUEALS)",pronouns + can/could + verb,"{""verbs"": [], ""special"": [""can""]}"
Past simple,"Nah, mate – didn’t work. Still busted.",Pronouns + verb (past),"{""verbs"": [""did""]}"
Present simple,"Nah. Look, mate, I want my money back.",Subject + verb (present),"{""verbs"": [""want""]}"
Possessives,"Nah. Look, mate, I want my money back.",possessive + noun,"{""special"": [""my""]}"
Questions,What?,Question word + aux + subject + verb,"{""special"": [""What""]}"
Present simple,"Mate, I'm not driving all the way back into you guys, all right?",Subject + verb (present),"{""verbs"": [""'m""]}"
Present continuous,"Mate, I'm not driving all the way back into you guys, all right?",be + verb-ing,"{""verbs"": [""driving""], ""special"": [""'m""]}"
Questions,"Mate, I'm not driving all the way back into you guys, all right?",Question word + aux + subject + verb,"{""special"": [""'m""]}"
Directions,"Mate, I'm not driving all the way back into you guys, all right?",verb + direction,"{""special"": [""right""]}"
Past simple,I’ve got finals footy this arv...,Pronouns + verb (past),"{""verbs"": [""got""]}"
Present simple,You guys come pick it up.,Subject + verb (present),"{""verbs"": [""come""]}"
Present simple,"I don’t know, send a taxi!",Subject + verb (present),"{""verbs"": [""do""]}"
Going to,"What do you mean, you're not going to do that?",be + going + to + verb,"{""verbs"": [""do""], ""special"": [""going"", ""to""]}"
Present continuous,"What do you mean, you're not going to do that?",be + verb-ing,"{""verbs"": [""going""], ""special"": [""'re""]}"
Questions,"What do you mean, you're not going to do that?",Question word + aux + subject + verb,"{""special"": [""What"", ""do"", ""'re"", ""to""]}"
Present simple,That's it! Grrr! - (SQUEALS),Subject + verb (present),"{""verbs"": [""'s""]}"
To be,That's it! Grrr! - (SQUEALS),Subject + to be,"{""special"": [""'s""]}"
Past simple,It worked! It worked! - Boop!,Pronouns + verb (past),"{""verbs"": [""worked"", ""worked""]}"
Numbers,Bingo 3000? Magazine.,Noun + verb + number + noun,"{""numbers"": [""3000""]}"
Past simple,- Hmm. I thought this thing would be faster. - ..boop... boop... boop...,Pronouns + verb (past),"{""verbs"": [""thought""]}"
To be,- Hmm. I thought this thing would be faster. - ..boop... boop... boop...,Subject + to be,"{""special"": [""be""]}"
Present simple,Don't get me started.,Subject + verb (present),"{""verbs"": [""Do""]}"
Present simple,"Hi everybody, I’m Muffin.",Subject + verb (present),"{""verbs"": [""\u2019m""]}"
Present simple,Welcome to my unboxing video.,Subject + verb (present),"{""verbs"": [""Welcome""]}"
Possessives,Welcome to my unboxing video.,possessive + noun,"{""special"": [""my""]}"
Present simple,"Er, Dad... I have to go to the toilet. [Muffin’s Dad] Muffin! (BEEP)",Subject + verb (present),"{""verbs"": [""have""]}"
Personal information,"Er, Dad... I have to go to the toilet. [Muffin’s Dad] Muffin! (BEEP)",I + verb + personal detail,"{""special"": [""name"", ""from"", ""live"", ""work""]}"
Possessives,"Hi, welcome to my unboxing video.",possessive + noun,"{""special"": [""my""]}"
Going to,Today we're going to open this dump truck.,be + going + to + verb,"{""verbs"": [""open""], ""special"": [""going"", ""to""]}"
Present continuous,Today we're going to open this dump truck.,be + verb-ing,"{""verbs"": [""going""], ""special"": [""'re""]}"
Present simple,"Dad, I don't want a Dump Truck.",Subject + verb (present),"{""verbs"": [""do""]}"
Present simple,I want Cat Squad Kitty Island.,Subject + verb (present),"{""verbs"": [""want""]}"
Past simple,"[Muffin’s Dad] Muffin, this is the one they sent us, OK?",Pronouns + verb (past),"{""verbs"": [""sent""]}"
To be,"[Muffin’s Dad] Muffin, this is the one they sent us, OK?",Subject + to be,"{""special"": [""is""]}"
Questions,"[Muffin’s Dad] Muffin, this is the one they sent us, OK?",Question word + aux + subject + verb,"{""special"": []}"
Present simple,But I want Cat Squad Kitty Island! (BEEP),Subject + verb (present),"{""verbs"": [""want""]}"
Connecting words,But I want Cat Squad Kitty Island! (BEEP),clause + and/but/because + clause,"{""special"": [""But""]}"
Present simple,"OK, so, I open this bit.",Subject + verb (present),"{""verbs"": [""open""]}"
Present simple,It's stuck! EEE!,Subject + verb (present),"{""verbs"": [""'s""]}"
To be,It's stuck! EEE!,Subject + to be,"{""special"": [""'s""]}"
Present simple,"Aaagh! Yagh! Agh! [Muffin’s Dad] Don’t break it, Muffin!",Subject + verb (present),"{""verbs"": [""Do""]}"
Past simple,[Muffin] I told you.  - Agh!,Pronouns + verb (past),"{""verbs"": [""told""]}"
Present simple,Agh... you’ve really done a number on this thing. (BEEP),Subject + verb (present),"{""verbs"": [""\u2019ve""]}"
Prepositions,Agh... you’ve really done a number on this thing. (BEEP),noun + preposition + noun,"{""special"": [""on""]}"
Present simple,This is a dump truck.,Subject + verb (present),"{""verbs"": [""is""]}"
To be,This is a dump truck.,Subject + to be,"{""special"": [""is""]}"
Present simple,"(SIGHS) You push this button, and it does this.",Subject + verb (present),"{""verbs"": [""push"", ""does""]}"
Connecting words,"(SIGHS) You push this button, and it does this.",clause + and/but/because + clause,"{""special"": [""and""]}"
Present simple,It's not working!,Subject + verb (present),"{""verbs"": [""'s""]}"
Present continuous,It's not working!,be + verb-ing,"{""verbs"": [""working""], ""special"": [""'s""]}"
Present simple,I am! (BEEP),Subject + verb (present),"{""verbs"": [""am""]}"
To be,I am! (BEEP),Subject + to be,"{""special"": [""am""]}"
Present simple,You have to remember to put batteries in it first.,Subject + verb (present),"{""verbs"": [""have""]}"
Prepositions,You have to remember to put batteries in it first.,noun + preposition + noun,"{""special"": [""in""]}"
Present simple,"Oh, that's pretty cool. (BEEP)",Subject + verb (present),"{""verbs"": [""'s""]}"
To be,"Oh, that's pretty cool. (BEEP)",Subject + to be,"{""special"": [""'s""]}"
Prepositions,Maybe I should put some rocks in the back.,noun + preposition + noun,"{""special"": [""in""]}"
Past simple,(LOUDLY EATS SWEETS),Pronouns + verb (past),"{""verbs"": [""EATS""]}"
Present simple,Hey! (CARRIES ON EATING LOUDLY) Agh! - No! That’s for the video! Gimme those! (BEEP),Subject + verb (present),"{""verbs"": [""CARRIES""]}"
Prepositions,Hey! (CARRIES ON EATING LOUDLY) Agh! - No! That’s for the video! Gimme those! (BEEP),noun + preposition + noun,"{""special"": [""ON""]}"
Present simple,This is a dump truck.,Subject + verb (present),"{""verbs"": [""is""]}"
To be,This is a dump truck.,Subject + to be,"{""special"": [""is""]}"
Present simple,It is the worst toy ever.,Subject + verb (present),"{""verbs"": [""is""]}"
To be,It is the worst toy ever.,Subject + to be,"{""special"": [""is""]}"
Comparatives/Superlatives,It is the worst toy ever.,adjective + -er/est + than,"{""special"": [""worst""]}"
Present simple,I hate it.,Subject + verb (present),"{""verbs"": [""hate""]}"
Can/Could,[Socks] Can I have it?,pronouns + can/could + verb,"{""verbs"": [], ""special"": [""Can""]}"
Questions,[Socks] Can I have it?,Question word + aux + subject + verb,"{""special"": [""Can""]}"
Personal information,[Socks] Can I have it?,I + verb + personal detail,"{""special"": [""name"", ""from"", ""live"", ""work""]}"
Present simple,No! It's mine!,Subject + verb (present),"{""verbs"": [""'s""]}"
To be,No! It's mine!,Subject + to be,"{""special"": [""'s""]}"
Imperatives,"Look at this, girls.",Verb + (object),"{""verbs"": [""Look""]}"
Prepositions,"Look at this, girls.",noun + preposition + noun,"{""special"": [""at""]}"
Present simple,[Together] What is it?  - It's a letter!,Subject + verb (present),"{""verbs"": [""is"", ""'s""]}"
To be,[Together] What is it?  - It's a letter!,Subject + to be,"{""special"": [""is"", ""'s""]}"
Past simple,It was written by your daddy for school,Pronouns + verb (past),"{""verbs"": [""was""]}"
To be,It was written by your daddy for school,Subject + to be,"{""special"": [""was""]}"
Possessives,It was written by your daddy for school,possessive + noun,"{""special"": [""your""]}"
Past simple,when he was just a little boy.,Pronouns + verb (past),"{""verbs"": [""was""]}"
To be,when he was just a little boy.,Subject + to be,"{""special"": [""was""]}"
Present simple,[Together] Ooh! - I've saved it all these years.,Subject + verb (present),"{""verbs"": [""'ve""]}"
Questions,Would you like me to read it?,Question word + aux + subject + verb,"{""special"": [""Would"", ""to""]}"
Present simple,"OK, here we go.",Subject + verb (present),"{""verbs"": [""go""]}"
Present simple,“My name is Bandit Heller.”,Subject + verb (present),"{""verbs"": [""is""]}"
To be,“My name is Bandit Heller.”,Subject + to be,"{""special"": [""is""]}"
Personal information,“My name is Bandit Heller.”,I + verb + personal detail,"{""special"": [""name"", ""from"", ""live"", ""work""]}"
Possessives,“My name is Bandit Heller.”,possessive + noun,"{""special"": [""My""]}"
Past simple,"Oh, he spelled Healer wrong.",Pronouns + verb (past),"{""verbs"": [""spelled""]}"
Age,“I am fiv years old.”,Verb + number + years old,"{""numbers"": [], ""special"": [""years"", ""old"", ""years old""]}"
To be,“I am fiv years old.”,Subject + to be,"{""special"": [""am""]}"
Age,I think he means five years old. [Together] (GIGGLE),Verb + number + years old,"{""numbers"": [""five""], ""special"": [""years"", ""old"", ""years old""]}"
Past simple,"Your daddy wasn't a very good speller, was he?",Pronouns + verb (past),"{""verbs"": [""was"", ""was""]}"
To be,"Your daddy wasn't a very good speller, was he?",Subject + to be,"{""special"": [""was"", ""was""]}"
Questions,"Your daddy wasn't a very good speller, was he?",Question word + aux + subject + verb,"{""special"": []}"
Possessives,"Your daddy wasn't a very good speller, was he?",possessive + noun,"{""special"": [""Your""]}"
Present simple,"“For my bathday, my mom bogort me a skatboard.”",Subject + verb (present),"{""verbs"": [""bogort""]}"
Possessives,"“For my bathday, my mom bogort me a skatboard.”",possessive + noun,"{""special"": [""my"", ""my""]}"
Present simple,- [Together] (GIGGLE) - “The clower of my skatboard is... gren”?,Subject + verb (present),"{""verbs"": [""is""]}"
To be,- [Together] (GIGGLE) - “The clower of my skatboard is... gren”?,Subject + to be,"{""special"": [""is""]}"
Questions,- [Together] (GIGGLE) - “The clower of my skatboard is... gren”?,Question word + aux + subject + verb,"{""special"": []}"
Possessives,- [Together] (GIGGLE) - “The clower of my skatboard is... gren”?,possessive + noun,"{""special"": [""my""]}"
Past simple,I think he means the colour of his skateboard was green.,Pronouns + verb (past),"{""verbs"": [""was""]}"
To be,I think he means the colour of his skateboard was green.,Subject + to be,"{""special"": [""was""]}"
Possessives,I think he means the colour of his skateboard was green.,possessive + noun,"{""special"": [""his""]}"
Present simple,“I ride my skatboard on the drivway after skol.”,Subject + verb (present),"{""verbs"": [""ride""]}"
Prepositions,“I ride my skatboard on the drivway after skol.”,noun + preposition + noun,"{""special"": [""on""]}"
Possessives,“I ride my skatboard on the drivway after skol.”,possessive + noun,"{""special"": [""my""]}"
Present simple,"Oh, Bandy, that's not even close to how you spell school.",Subject + verb (present),"{""verbs"": [""'s"", ""spell""]}"
To be,"Oh, Bandy, that's not even close to how you spell school.",Subject + to be,"{""special"": [""'s""]}"
Present simple,“I have a brid.”,Subject + verb (present),"{""verbs"": [""have""]}"
Personal information,“I have a brid.”,I + verb + personal detail,"{""special"": [""name"", ""from"", ""live"", ""work""]}"
Present simple,A “brid”? What’s he on about?,Subject + verb (present),"{""verbs"": [""\u2019s""]}"
Questions,A “brid”? What’s he on about?,Question word + aux + subject + verb,"{""special"": [""What""]}"
Prepositions,A “brid”? What’s he on about?,noun + preposition + noun,"{""special"": [""on""]}"
Present simple,“My brid's nam is Conan.”,Subject + verb (present),"{""verbs"": [""is""]}"
To be,“My brid's nam is Conan.”,Subject + to be,"{""special"": [""is""]}"
Possessives,“My brid's nam is Conan.”,possessive + noun,"{""special"": [""My"", ""brid""]}"
Present simple,"Oh, he's talking about his bird. [Together] (GIGGLE)",Subject + verb (present),"{""verbs"": [""'s""]}"
Present continuous,"Oh, he's talking about his bird. [Together] (GIGGLE)",be + verb-ing,"{""verbs"": [""talking""], ""special"": [""'s""]}"
Possessives,"Oh, he's talking about his bird. [Together] (GIGGLE)",possessive + noun,"{""special"": [""his""]}"
Past simple,- “I fed Conan everyeye day.”,Pronouns + verb (past),"{""verbs"": [""fed""]}"
Present simple,“His winks are gren and blooo and his bek is yillow.”,Subject + verb (present),"{""verbs"": [""are"", ""is""]}"
To be,“His winks are gren and blooo and his bek is yillow.”,Subject + to be,"{""special"": [""are"", ""is""]}"
Connecting words,“His winks are gren and blooo and his bek is yillow.”,clause + and/but/because + clause,"{""special"": [""and"", ""and""]}"
Possessives,“His winks are gren and blooo and his bek is yillow.”,possessive + noun,"{""special"": [""His"", ""his""]}"
Present simple,Well... I think his wings are green and blue,Subject + verb (present),"{""verbs"": [""think"", ""are""]}"
To be,Well... I think his wings are green and blue,Subject + to be,"{""special"": [""are""]}"
Connecting words,Well... I think his wings are green and blue,clause + and/but/because + clause,"{""special"": [""and""]}"
Possessives,Well... I think his wings are green and blue,possessive + noun,"{""special"": [""his""]}"
Present simple,and his beak is yellow. Or his back. [Together] (GIGGLE),Subject + verb (present),"{""verbs"": [""is""]}"
To be,and his beak is yellow. Or his back. [Together] (GIGGLE),Subject + to be,"{""special"": [""is""]}"
Connecting words,and his beak is yellow. Or his back. [Together] (GIGGLE),clause + and/but/because + clause,"{""special"": [""and""]}"
Possessives,and his beak is yellow. Or his back. [Together] (GIGGLE),possessive + noun,"{""special"": [""his"", ""his""]}"
Present simple,- “My browther is keld Rad.”,Subject + verb (present),"{""verbs"": [""is""]}"
To be,- “My browther is keld Rad.”,Subject + to be,"{""special"": [""is""]}"
Possessives,- “My browther is keld Rad.”,possessive + noun,"{""special"": [""My""]}"
Present simple,“My otter browther is keld Strip.”,Subject + verb (present),"{""verbs"": [""is""]}"
To be,“My otter browther is keld Strip.”,Subject + to be,"{""special"": [""is""]}"
Possessives,“My otter browther is keld Strip.”,possessive + noun,"{""special"": [""My""]}"
Present simple,"“Strip is good and so is Rad,",Subject + verb (present),"{""verbs"": [""is"", ""is""]}"
To be,"“Strip is good and so is Rad,",Subject + to be,"{""special"": [""is"", ""is""]}"
Connecting words,"“Strip is good and so is Rad,",clause + and/but/because + clause,"{""special"": [""and""]}"
Present simple,but Rad is good too.” What’s he on about?,Subject + verb (present),"{""verbs"": [""is"", ""\u2019s""]}"
To be,but Rad is good too.” What’s he on about?,Subject + to be,"{""special"": [""is""]}"
Questions,but Rad is good too.” What’s he on about?,Question word + aux + subject + verb,"{""special"": [""What""]}"
Connecting words,but Rad is good too.” What’s he on about?,clause + and/but/because + clause,"{""special"": [""but""]}"
Prepositions,but Rad is good too.” What’s he on about?,noun + preposition + noun,"{""special"": [""on""]}"
Present simple,"“My Dad is good, but he shorts at Rad when Rad plays fotty.”",Subject + verb (present),"{""verbs"": [""is"", ""shorts"", ""plays""]}"
To be,"“My Dad is good, but he shorts at Rad when Rad plays fotty.”",Subject + to be,"{""special"": [""is""]}"
Connecting words,"“My Dad is good, but he shorts at Rad when Rad plays fotty.”",clause + and/but/because + clause,"{""special"": [""but""]}"
Prepositions,"“My Dad is good, but he shorts at Rad when Rad plays fotty.”",noun + preposition + noun,"{""special"": [""at""]}"
Possessives,"“My Dad is good, but he shorts at Rad when Rad plays fotty.”",possessive + noun,"{""special"": [""My""]}"
Present simple,"[Together] (GIGGLE)  - Oh, he shouts at Rad when Rad plays footy.",Subject + verb (present),"{""verbs"": [""shouts"", ""plays""]}"
Prepositions,"[Together] (GIGGLE)  - Oh, he shouts at Rad when Rad plays footy.",noun + preposition + noun,"{""special"": [""at""]}"
Past simple,"Oh yeah, he did. [Together] (GIGGLE)",Pronouns + verb (past),"{""verbs"": [""did""]}"
Present simple,“I loave my mum.”,Subject + verb (present),"{""verbs"": [""loave""]}"
Possessives,“I loave my mum.”,possessive + noun,"{""special"": [""my""]}"
Numbers,"[All three, together] Aww...",Noun + verb + number + noun,"{""numbers"": [""three""]}"
Present simple,“She is the bast mum in the wahol worl.”,Subject + verb (present),"{""verbs"": [""is""]}"
To be,“She is the bast mum in the wahol worl.”,Subject + to be,"{""special"": [""is""]}"
Prepositions,“She is the bast mum in the wahol worl.”,noun + preposition + noun,"{""special"": [""in""]}"
Past simple,“But I don lick the food she corks.”,Pronouns + verb (past),"{""verbs"": [""don""]}"
Connecting words,“But I don lick the food she corks.”,clause + and/but/because + clause,"{""special"": [""But""]}"
Possessives,“Especkialy her lazarniya.”,possessive + noun,"{""special"": [""her""]}"
Present simple,“It is lak etting vommm-it.”,Subject + verb (present),"{""verbs"": [""is""]}"
Present continuous,“It is lak etting vommm-it.”,be + verb-ing,"{""verbs"": [""etting""], ""special"": [""is""]}"
Directions,“The end.”,verb + direction,"{""special"": [""end""]}"
Present simple,I'm back! [Together] (SQUEAL),Subject + verb (present),"{""verbs"": [""'m""]}"
To be,I'm back! [Together] (SQUEAL),Subject + to be,"{""special"": [""'m""]}"
Questions,"You staying for dinner, Bandy?",Question word + aux + subject + verb,"{""special"": []}"
Present simple,I'm making my lasaaaa-gna.,Subject + verb (present),"{""verbs"": [""'m""]}"
Present continuous,I'm making my lasaaaa-gna.,be + verb-ing,"{""verbs"": [""making""], ""special"": [""'m""]}"
Possessives,I'm making my lasaaaa-gna.,possessive + noun,"{""special"": [""my""]}"
Present simple,"Oh, man. I'm starving.",Subject + verb (present),"{""verbs"": [""'m""]}"
Present continuous,"Oh, man. I'm starving.",be + verb-ing,"{""verbs"": [""starving""], ""special"": [""'m""]}"
Present simple,"I need to eat something.  - Ah, no. Bandit.",Subject + verb (present),"{""verbs"": [""need""]}"
Present simple,"What, am I not allowed to eat food if I'm hungry?",Subject + verb (present),"{""verbs"": [""am"", ""'m""]}"
To be,"What, am I not allowed to eat food if I'm hungry?",Subject + to be,"{""special"": [""am"", ""'m""]}"
Questions,"What, am I not allowed to eat food if I'm hungry?",Question word + aux + subject + verb,"{""special"": [""What"", ""to""]}"
Present simple,What kind of a regime is this?,Subject + verb (present),"{""verbs"": [""is""]}"
To be,What kind of a regime is this?,Subject + to be,"{""special"": [""is""]}"
Questions,What kind of a regime is this?,Question word + aux + subject + verb,"{""special"": [""What""]}"
Can/Could,- (Sighs) Carry on.  - I could go some chicken bucket.,pronouns + can/could + verb,"{""verbs"": [], ""special"": [""could""]}"
Present simple,"Oh, I don't want to get in the car, though. Too much traffic.",Subject + verb (present),"{""verbs"": [""do""]}"
Prepositions,"Oh, I don't want to get in the car, though. Too much traffic.",noun + preposition + noun,"{""special"": [""in""]}"
Present simple,I'm hungry now.,Subject + verb (present),"{""verbs"": [""'m""]}"
To be,I'm hungry now.,Subject + to be,"{""special"": [""'m""]}"
Going to,I'm just going to eat one of the kids.  - Agh!,be + going + to + verb,"{""verbs"": [""eat""], ""special"": [""going"", ""to""]}"
Numbers,I'm just going to eat one of the kids.  - Agh!,Noun + verb + number + noun,"{""numbers"": [""one""]}"
Present continuous,I'm just going to eat one of the kids.  - Agh!,be + verb-ing,"{""verbs"": [""going""], ""special"": [""'m""]}"
Present simple,You know the kids don't agree with you.,Subject + verb (present),"{""verbs"": [""know"", ""do""]}"
To be,"Ah, she'll be right. I'll have a peppermint tea after.",Subject + to be,"{""special"": [""be""]}"
Directions,"Ah, she'll be right. I'll have a peppermint tea after.",verb + direction,"{""special"": [""right""]}"
Imperatives,"Put a bit of salt on first. Chew, chew, chew. Swallow.",Verb + (object),"{""verbs"": [""Put""]}"
Prepositions,"Put a bit of salt on first. Chew, chew, chew. Swallow.",noun + preposition + noun,"{""special"": [""on""]}"
Past simple,"Oh, man, that was good.",Pronouns + verb (past),"{""verbs"": [""was""]}"
To be,"Oh, man, that was good.",Subject + to be,"{""special"": [""was""]}"
Past simple,"Was that so bad, Mum?",Pronouns + verb (past),"{""verbs"": [""Was""]}"
To be,"Was that so bad, Mum?",Subject + to be,"{""special"": [""Was""]}"
Questions,"Was that so bad, Mum?",Question word + aux + subject + verb,"{""special"": []}"
Past simple,"I'm just saying, the last time you ate a kid,",Pronouns + verb (past),"{""verbs"": [""ate""]}"
Present continuous,"I'm just saying, the last time you ate a kid,",be + verb-ing,"{""verbs"": [""saying""], ""special"": [""'m""]}"
Past simple,you were up all night.,Pronouns + verb (past),"{""verbs"": [""were""]}"
To be,you were up all night.,Subject + to be,"{""special"": [""were""]}"
Present simple,"It's all good. Oh, hang on.",Subject + verb (present),"{""verbs"": [""'s""]}"
To be,"It's all good. Oh, hang on.",Subject + to be,"{""special"": [""'s""]}"
Present simple,Something's not sitting right. - See?,Subject + verb (present),"{""verbs"": [""'s""]}"
Present continuous,Something's not sitting right. - See?,be + verb-ing,"{""verbs"": [""sitting""], ""special"": [""'s""]}"
Questions,Something's not sitting right. - See?,Question word + aux + subject + verb,"{""special"": [""'s""]}"
Directions,Something's not sitting right. - See?,verb + direction,"{""special"": [""right""]}"
Present simple,I'm not feeling so good.,Subject + verb (present),"{""verbs"": [""'m""]}"
Present continuous,I'm not feeling so good.,be + verb-ing,"{""verbs"": [""feeling""], ""special"": [""'m""]}"
Past simple,It might have been something I ate...,Pronouns + verb (past),"{""verbs"": [""ate""]}"
To be,It might have been something I ate...,Subject + to be,"{""special"": [""been""]}"
To be,Might have been?,Subject + to be,"{""special"": [""been""]}"
Questions,Might have been?,Question word + aux + subject + verb,"{""special"": [""Might"", ""have""]}"
Present simple,"Oh, man, guts are crook.",Subject + verb (present),"{""verbs"": [""are""]}"
To be,"Oh, man, guts are crook.",Subject + to be,"{""special"": [""are""]}"
Past simple,I didn't mean to chunder on you.,Pronouns + verb (past),"{""verbs"": [""did""]}"
Prepositions,I didn't mean to chunder on you.,noun + preposition + noun,"{""special"": [""on""]}"
Present simple,- That's OK. - Urgh.,Subject + verb (present),"{""verbs"": [""'s""]}"
To be,- That's OK. - Urgh.,Subject + to be,"{""special"": [""'s""]}"
Present simple,(BURPS) - Are you finished?,Subject + verb (present),"{""verbs"": [""Are""]}"
To be,(BURPS) - Are you finished?,Subject + to be,"{""special"": [""Are""]}"
Questions,(BURPS) - Are you finished?,Question word + aux + subject + verb,"{""special"": []}"
Present simple,I hope you've learned your lesson.,Subject + verb (present),"{""verbs"": [""hope"", ""'ve""]}"
Possessives,I hope you've learned your lesson.,possessive + noun,"{""special"": [""your""]}"
Present simple,Mm. Smells OK... Hoo-argh!,Subject + verb (present),"{""verbs"": [""Smells""]}"
Can/Could,"Can we have a story, Dad?",pronouns + can/could + verb,"{""verbs"": [], ""special"": [""Can""]}"
Questions,"Can we have a story, Dad?",Question word + aux + subject + verb,"{""special"": [""Can""]}"
Numbers,OK. How about the three little pigs?,Noun + verb + number + noun,"{""numbers"": [""three""]}"
Questions,OK. How about the three little pigs?,Question word + aux + subject + verb,"{""special"": [""How""]}"
Can/Could,[Together] Yeah!  - Can you make it funny?,pronouns + can/could + verb,"{""verbs"": [], ""special"": [""Can""]}"
Questions,[Together] Yeah!  - Can you make it funny?,Question word + aux + subject + verb,"{""special"": [""Can""]}"
Past simple,"OK. One day, there were these three little pigs called Jingo,",Pronouns + verb (past),"{""verbs"": [""were""]}"
Numbers,"OK. One day, there were these three little pigs called Jingo,",Noun + verb + number + noun,"{""numbers"": [""One"", ""three""]}"
To be,"OK. One day, there were these three little pigs called Jingo,",Subject + to be,"{""special"": [""were""]}"
Connecting words,"Gruey and, er... Jimmy or something.",clause + and/but/because + clause,"{""special"": [""and""]}"
Past simple,"But Jimmy was on a team building course for work,",Pronouns + verb (past),"{""verbs"": [""was""]}"
Present continuous,"But Jimmy was on a team building course for work,",be + verb-ing,"{""verbs"": [""building""], ""special"": [""was""]}"
Connecting words,"But Jimmy was on a team building course for work,",clause + and/but/because + clause,"{""special"": [""But""]}"
Prepositions,"But Jimmy was on a team building course for work,",noun + preposition + noun,"{""special"": [""on""]}"
Past simple,"So the first pig, Jingo, built her house out of straw.",Pronouns + verb (past),"{""verbs"": [""built""]}"
Possessives,"So the first pig, Jingo, built her house out of straw.",possessive + noun,"{""special"": [""her""]}"
Numbers,"And one day, the Big Bad Wolf rocks up",Noun + verb + number + noun,"{""numbers"": [""one""]}"
Connecting words,"And one day, the Big Bad Wolf rocks up",clause + and/but/because + clause,"{""special"": [""And""]}"
Present simple,"and says, “Little pig, little pig, let me in.”",Subject + verb (present),"{""verbs"": [""says""]}"
Connecting words,"and says, “Little pig, little pig, let me in.”",clause + and/but/because + clause,"{""special"": [""and""]}"
Present simple,"But Jingo says, “No way, mate. I’m making nachos.”",Subject + verb (present),"{""verbs"": [""says"", ""\u2019m""]}"
Connecting words,"But Jingo says, “No way, mate. I’m making nachos.”",clause + and/but/because + clause,"{""special"": [""But""]}"
Present simple,"“Ah, I just want to talk to you about your electricity provider.”",Subject + verb (present),"{""verbs"": [""want""]}"
Possessives,"“Ah, I just want to talk to you about your electricity provider.”",possessive + noun,"{""special"": [""your""]}"
Present simple,"Jingo’s like, “Oh, that sounds good,”",Subject + verb (present),"{""verbs"": [""sounds""]}"
Present simple,and she's about to open the door and then she remembers –,Subject + verb (present),"{""verbs"": [""'s"", ""remembers""]}"
To be,and she's about to open the door and then she remembers –,Subject + to be,"{""special"": [""'s""]}"
Connecting words,and she's about to open the door and then she remembers –,clause + and/but/because + clause,"{""special"": [""and"", ""and""]}"
Present simple,"“Hang on! I've got solar! Jog on, chief.”",Subject + verb (present),"{""verbs"": [""'ve""]}"
Have got,"“Hang on! I've got solar! Jog on, chief.”",have/has got + noun,"{""special"": [""have"", ""has"", ""got"", ""'ve""]}"
Prepositions,"“Hang on! I've got solar! Jog on, chief.”",noun + preposition + noun,"{""special"": [""on""]}"
Past simple,So the Big Bad Wolf huffed and puffed and blew the house in.  - Dad...,Pronouns + verb (past),"{""verbs"": [""puffed"", ""blew""]}"
Connecting words,So the Big Bad Wolf huffed and puffed and blew the house in.  - Dad...,clause + and/but/because + clause,"{""special"": [""and"", ""and""]}"
Past simple,"(WHISPERS) - So Jingo called the police, and the police came,",Pronouns + verb (past),"{""verbs"": [""called"", ""came""]}"
Connecting words,"(WHISPERS) - So Jingo called the police, and the police came,",clause + and/but/because + clause,"{""special"": [""and""]}"
Past simple,"and the little pig, Jingo, was cacking herself",Pronouns + verb (past),"{""verbs"": [""was""]}"
Present continuous,"and the little pig, Jingo, was cacking herself",be + verb-ing,"{""verbs"": [""cacking""], ""special"": [""was""]}"
Connecting words,"and the little pig, Jingo, was cacking herself",clause + and/but/because + clause,"{""special"": [""and""]}"
Connecting words,and filming it all on her phone,clause + and/but/because + clause,"{""special"": [""and""]}"
Prepositions,and filming it all on her phone,noun + preposition + noun,"{""special"": [""on""]}"
Possessives,and filming it all on her phone,possessive + noun,"{""special"": [""her""]}"
Connecting words,and posting it on the ‘Gram,clause + and/but/because + clause,"{""special"": [""and""]}"
Prepositions,and posting it on the ‘Gram,noun + preposition + noun,"{""special"": [""on""]}"
Connecting words,and getting heaps of new followers,clause + and/but/because + clause,"{""special"": [""and""]}"
Connecting words,"And the wolf’s all like,",clause + and/but/because + clause,"{""special"": [""And""]}"
Past simple,“I didn't do nothing!”,Pronouns + verb (past),"{""verbs"": [""did""]}"
Present simple,"but the cops aren’t buying all that and they’re like,",Subject + verb (present),"{""verbs"": [""are"", ""n\u2019t"", ""\u2019re""]}"
Present continuous,"but the cops aren’t buying all that and they’re like,",be + verb-ing,"{""verbs"": [""buying""], ""special"": [""are""]}"
Connecting words,"but the cops aren’t buying all that and they’re like,",clause + and/but/because + clause,"{""special"": [""but"", ""and""]}"
Past simple,"“You got three priors, mate,",Pronouns + verb (past),"{""verbs"": [""got""]}"
Numbers,"“You got three priors, mate,",Noun + verb + number + noun,"{""numbers"": [""three""]}"
Connecting words,"and that Monaro’s stolen, so tell it to the judge, buddy.”",clause + and/but/because + clause,"{""special"": [""and""]}"
Past simple,So they put the wolf in jail.,Pronouns + verb (past),"{""verbs"": [""put""]}"
Prepositions,So they put the wolf in jail.,noun + preposition + noun,"{""special"": [""in""]}"
Past simple,came and helped rebuild Jingo's house.,Pronouns + verb (past),"{""verbs"": [""came"", ""helped""]}"
Connecting words,came and helped rebuild Jingo's house.,clause + and/but/because + clause,"{""special"": [""and""]}"
Possessives,came and helped rebuild Jingo's house.,possessive + noun,"{""special"": [""Jingo""]}"
Past simple,"but this time, she used Besser blocks. - Dad, wait!",Pronouns + verb (past),"{""verbs"": [""used""]}"
Connecting words,"but this time, she used Besser blocks. - Dad, wait!",clause + and/but/because + clause,"{""special"": [""but""]}"
Past simple,And they built a rad pool shaped like an ice cream cone,Pronouns + verb (past),"{""verbs"": [""built""]}"
Connecting words,And they built a rad pool shaped like an ice cream cone,clause + and/but/because + clause,"{""special"": [""And""]}"
Past simple,and filled it with lemonade. Wow. Good idea.,Pronouns + verb (past),"{""verbs"": [""filled""]}"
Connecting words,and filled it with lemonade. Wow. Good idea.,clause + and/but/because + clause,"{""special"": [""and""]}"
Past simple,"Meanwhile, the Big Bad Wolf scored a softy judge",Pronouns + verb (past),"{""verbs"": [""scored""]}"
Past simple,and was out of jail on good behaviour.,Pronouns + verb (past),"{""verbs"": [""was""]}"
To be,and was out of jail on good behaviour.,Subject + to be,"{""special"": [""was""]}"
Connecting words,and was out of jail on good behaviour.,clause + and/but/because + clause,"{""special"": [""and""]}"
Prepositions,and was out of jail on good behaviour.,noun + preposition + noun,"{""special"": [""on""]}"
Past simple,"But the judge said, “You gotta go say sorry to those pigs,",Pronouns + verb (past),"{""verbs"": [""said"", ""got""]}"
Connecting words,"But the judge said, “You gotta go say sorry to those pigs,",clause + and/but/because + clause,"{""special"": [""But""]}"
Present simple,"or you're back in here, buddy.”",Subject + verb (present),"{""verbs"": [""'re""]}"
To be,"or you're back in here, buddy.”",Subject + to be,"{""special"": [""'re""]}"
Prepositions,"or you're back in here, buddy.”",noun + preposition + noun,"{""special"": [""in""]}"
Past simple,So the wolf walked round to Jingo’s new joint,Pronouns + verb (past),"{""verbs"": [""walked""]}"
Possessives,So the wolf walked round to Jingo’s new joint,possessive + noun,"{""special"": [""Jingo""]}"
Past simple,"and Jingo and Gruey said, “Yeah, mate, it’s all cool.",Pronouns + verb (past),"{""verbs"": [""said""]}"
Connecting words,"and Jingo and Gruey said, “Yeah, mate, it’s all cool.",clause + and/but/because + clause,"{""special"": [""and"", ""and""]}"
Connecting words,Just don't try and eat us.”,clause + and/but/because + clause,"{""special"": [""and""]}"
Connecting words,"And the wolf's like,",clause + and/but/because + clause,"{""special"": [""And""]}"
Past simple,"“Yeah, fair enough. I'm going vegan anyway. I just did tofu.”",Pronouns + verb (past),"{""verbs"": [""did""]}"
Present continuous,"“Yeah, fair enough. I'm going vegan anyway. I just did tofu.”",be + verb-ing,"{""verbs"": [""going""], ""special"": [""'m""]}"
Past simple,"So they invited him in for a swim to try and make friends,",Pronouns + verb (past),"{""verbs"": [""invited""]}"
Connecting words,"So they invited him in for a swim to try and make friends,",clause + and/but/because + clause,"{""special"": [""and""]}"
Past simple,but he kept peeing in the pool! [Together] Eeuuww!,Pronouns + verb (past),"{""verbs"": [""kept""]}"
Connecting words,but he kept peeing in the pool! [Together] Eeuuww!,clause + and/but/because + clause,"{""special"": [""but""]}"
Prepositions,but he kept peeing in the pool! [Together] Eeuuww!,noun + preposition + noun,"{""special"": [""in""]}"
Past simple,"So the pigs were like, “Stop peeing in our pool, mate!",Pronouns + verb (past),"{""verbs"": [""were""]}"
Present continuous,"So the pigs were like, “Stop peeing in our pool, mate!",be + verb-ing,"{""verbs"": [""peeing""], ""special"": [""were""]}"
Prepositions,"So the pigs were like, “Stop peeing in our pool, mate!",noun + preposition + noun,"{""special"": [""in""]}"
Possessives,"So the pigs were like, “Stop peeing in our pool, mate!",possessive + noun,"{""special"": [""our""]}"
Present simple,It’s lemonade and we're trying to drink it!”,Subject + verb (present),"{""verbs"": [""\u2019s"", ""'re""]}"
Present continuous,It’s lemonade and we're trying to drink it!”,be + verb-ing,"{""verbs"": [""trying""], ""special"": [""'re""]}"
Connecting words,It’s lemonade and we're trying to drink it!”,clause + and/but/because + clause,"{""special"": [""and""]}"
Past simple,"But really, even if it wasn't lemonade,",Pronouns + verb (past),"{""verbs"": [""was""]}"
To be,"But really, even if it wasn't lemonade,",Subject + to be,"{""special"": [""was""]}"
Connecting words,"But really, even if it wasn't lemonade,",clause + and/but/because + clause,"{""special"": [""But""]}"
Present simple,It's full of nitrates,Subject + verb (present),"{""verbs"": [""'s""]}"
To be,It's full of nitrates,Subject + to be,"{""special"": [""'s""]}"
Going to,and now we're going to have to put heaps of algicide in.,be + going + to + verb,"{""verbs"": [""have""], ""special"": [""going"", ""to""]}"
Present continuous,and now we're going to have to put heaps of algicide in.,be + verb-ing,"{""verbs"": [""going""], ""special"": [""'re""]}"
Connecting words,and now we're going to have to put heaps of algicide in.,clause + and/but/because + clause,"{""special"": [""and""]}"
Prepositions,and now we're going to have to put heaps of algicide in.,noun + preposition + noun,"{""special"": [""in""]}"
Past simple,"But the Big Bad Wolf kept saying,",Pronouns + verb (past),"{""verbs"": [""kept""]}"
Connecting words,"But the Big Bad Wolf kept saying,",clause + and/but/because + clause,"{""special"": [""But""]}"
Past simple,"“Look, I didn’t pee in the pool!”",Pronouns + verb (past),"{""verbs"": [""did""]}"
Prepositions,"“Look, I didn’t pee in the pool!”",noun + preposition + noun,"{""special"": [""in""]}"
Present simple,"And the pigs are like,",Subject + verb (present),"{""verbs"": [""are""]}"
To be,"And the pigs are like,",Subject + to be,"{""special"": [""are""]}"
Connecting words,"And the pigs are like,",clause + and/but/because + clause,"{""special"": [""And""]}"
Past simple,"“Yeah, you did,” and he’s like,",Pronouns + verb (past),"{""verbs"": [""did""]}"
Connecting words,"“Yeah, you did,” and he’s like,",clause + and/but/because + clause,"{""special"": [""and""]}"
Present simple,"“Nah-ah, I don't do that sort of thing.",Subject + verb (present),"{""verbs"": [""do""]}"
Present simple,It's against my religion.”,Subject + verb (present),"{""verbs"": [""'s""]}"
To be,It's against my religion.”,Subject + to be,"{""special"": [""'s""]}"
Possessives,It's against my religion.”,possessive + noun,"{""special"": [""my""]}"
Past simple,"So the next day, they put the stuff in the pool",Pronouns + verb (past),"{""verbs"": [""put""]}"
Prepositions,"So the next day, they put the stuff in the pool",noun + preposition + noun,"{""special"": [""in""]}"
Present simple,that makes lemonade turn purple if you pee in it.,Subject + verb (present),"{""verbs"": [""makes"", ""pee""]}"
Prepositions,that makes lemonade turn purple if you pee in it.,noun + preposition + noun,"{""special"": [""in""]}"
Directions,that makes lemonade turn purple if you pee in it.,verb + direction,"{""special"": [""turn""]}"
Past simple,They didn't tell this to the Big Bad Wolf.,Pronouns + verb (past),"{""verbs"": [""did""]}"
Connecting words,"And he’s there swimming, eating some couscous,",clause + and/but/because + clause,"{""special"": [""And""]}"
Present simple,Then he goes all quiet and stares into space for a second,Subject + verb (present),"{""verbs"": [""goes""]}"
Connecting words,Then he goes all quiet and stares into space for a second,clause + and/but/because + clause,"{""special"": [""and""]}"
Prepositions,with this sort of faraway look in his eyes.,noun + preposition + noun,"{""special"": [""in""]}"
Possessives,with this sort of faraway look in his eyes.,possessive + noun,"{""special"": [""his""]}"
Present simple,"And the kids are like, “Here we go... ”",Subject + verb (present),"{""verbs"": [""are"", ""go""]}"
To be,"And the kids are like, “Here we go... ”",Subject + to be,"{""special"": [""are""]}"
Connecting words,"And the kids are like, “Here we go... ”",clause + and/but/because + clause,"{""special"": [""And""]}"
Present simple,And suddenly the lemonade turns purple around him,Subject + verb (present),"{""verbs"": [""turns""]}"
Connecting words,And suddenly the lemonade turns purple around him,clause + and/but/because + clause,"{""special"": [""And""]}"
Present simple,"and the pigs are like,",Subject + verb (present),"{""verbs"": [""are""]}"
To be,"and the pigs are like,",Subject + to be,"{""special"": [""are""]}"
Connecting words,"and the pigs are like,",clause + and/but/because + clause,"{""special"": [""and""]}"
Present simple,"“Ah, see! You’re a grub!”",Subject + verb (present),"{""verbs"": [""\u2019re""]}"
Past simple,So the wolf was really embarrassed and he ran out crying,Pronouns + verb (past),"{""verbs"": [""was"", ""ran""]}"
Present continuous,So the wolf was really embarrassed and he ran out crying,be + verb-ing,"{""verbs"": [""crying""], ""special"": [""was""]}"
Connecting words,So the wolf was really embarrassed and he ran out crying,clause + and/but/because + clause,"{""special"": [""and""]}"
Past simple,and they never saw him again.,Pronouns + verb (past),"{""verbs"": [""saw""]}"
Connecting words,and they never saw him again.,clause + and/but/because + clause,"{""special"": [""and""]}"
Adverbs of frequency,and they never saw him again.,Subject + adverb + verb,"{""special"": [""never""]}"
Past simple,"But apparently, he went on to become",Pronouns + verb (past),"{""verbs"": [""went""]}"
Connecting words,"But apparently, he went on to become",clause + and/but/because + clause,"{""special"": [""But""]}"
Present simple,"So, you know, the system works.",Subject + verb (present),"{""verbs"": [""know"", ""works""]}"
Directions,The end.,verb + direction,"{""special"": [""end""]}"
Past simple,"One day, there was a lovely big field",Pronouns + verb (past),"{""verbs"": [""was""]}"
Numbers,"One day, there was a lovely big field",Noun + verb + number + noun,"{""numbers"": [""One""]}"
To be,"One day, there was a lovely big field",Subject + to be,"{""special"": [""was""]}"
Prepositions,with grass blowing gently in the breeze. (BLOWS) - (GIGGLES),noun + preposition + noun,"{""special"": [""in""]}"
Past simple,When along came... an antelope!,Pronouns + verb (past),"{""verbs"": [""came""]}"
Past simple,But the antelope was chased away by a... cheetah!,Pronouns + verb (past),"{""verbs"": [""was""]}"
To be,But the antelope was chased away by a... cheetah!,Subject + to be,"{""special"": [""was""]}"
Connecting words,But the antelope was chased away by a... cheetah!,clause + and/but/because + clause,"{""special"": [""But""]}"
Past simple,Then the cheetah got tired,Pronouns + verb (past),"{""verbs"": [""got""]}"
Past simple,and along came some tiny little ants.,Pronouns + verb (past),"{""verbs"": [""came""]}"
Connecting words,and along came some tiny little ants.,clause + and/but/because + clause,"{""special"": [""and""]}"
Past simple,But then came an elephant.,Pronouns + verb (past),"{""verbs"": [""came""]}"
Connecting words,But then came an elephant.,clause + and/but/because + clause,"{""special"": [""But""]}"
Past simple,The elephant left. Phew!,Pronouns + verb (past),"{""verbs"": [""left""]}"
Directions,The elephant left. Phew!,verb + direction,"{""special"": [""left""]}"
Past simple,And along came a spider.  - (SQUEALS),Pronouns + verb (past),"{""verbs"": [""came""]}"
Connecting words,And along came a spider.  - (SQUEALS),clause + and/but/because + clause,"{""special"": [""And""]}"
Imperatives,"Go away, spider!",Verb + (object),"{""verbs"": [""Go""]}"
Present simple,"- Oh, wait, here's a snake! Sssss! - Aaaah!",Subject + verb (present),"{""verbs"": [""'s""]}"
To be,"- Oh, wait, here's a snake! Sssss! - Aaaah!",Subject + to be,"{""special"": [""'s""]}"
Present simple,"Ah, the frog’s gone and along comes a pussycat.",Subject + verb (present),"{""verbs"": [""\u2019s"", ""comes""]}"
Connecting words,"Ah, the frog’s gone and along comes a pussycat.",clause + and/but/because + clause,"{""special"": [""and""]}"
Present simple,"Oh, no, Bingo. This cat wants to have a nap.",Subject + verb (present),"{""verbs"": [""wants""]}"
Present simple,She uses her claws to make a nice bed!,Subject + verb (present),"{""verbs"": [""uses""]}"
Possessives,She uses her claws to make a nice bed!,possessive + noun,"{""special"": [""her""]}"
Present simple,All is well. - Ahh...,Subject + verb (present),"{""verbs"": [""is""]}"
To be,All is well. - Ahh...,Subject + to be,"{""special"": [""is""]}"
