Conjugated,Infinitive,Tense,Person,Number
abro,abrir,Present,1st,Singular
abri,abrir,Past,1st,Singular
abres,abrir,Present,2nd,Singular
abriste,abrir,Past,2nd,Singular
abre,abrir,Present,3rd,Singular
abriu,abrir,Past,3rd,Singular
abrimos,abrir,Present,1st,Plural
abrimos,abrir,Past,1st,Plural
abris,abrir,Present,2nd,Plural
abristes,abrir,Past,2nd,Plural
abrem,abrir,Present,3rd,Plural
abriram,abrir,Past,3rd,Plural
abrindo,abrir,Gerund,N/A,N/A
acampo,acampar,Present,1st,Singular
acampei,acampar,Past,1st,Singular
acampas,acampar,Present,2nd,Singular
acampaste,acampar,Past,2nd,Singular
acampa,acampar,Present,3rd,Singular
acampou,acampar,Past,3rd,Singular
acampamos,acampar,Present,1st,Plural
acampámos,acampar,Past,1st,Plural
acampais,acampar,Present,2nd,Plural
acampastes,acampar,Past,2nd,Plural
acampam,acampar,Present,3rd,Plural
acamparam,acampar,Past,3rd,Plural
acampando,acampar,Gerund,N/A,N/A
aceito,aceitar,Present,1st,Singular
aceitei,aceitar,Past,1st,Singular
aceitas,aceitar,Present,2nd,Singular
aceitaste,aceitar,Past,2nd,Singular
aceita,aceitar,Present,3rd,Singular
aceitou,aceitar,Past,3rd,Singular
aceitamos,aceitar,Present,1st,Plural
aceitámos,aceitar,Past,1st,Plural
aceitais,aceitar,Present,2nd,Plural
aceitastes,aceitar,Past,2nd,Plural
aceitam,aceitar,Present,3rd,Plural
aceitaram,aceitar,Past,3rd,Plural
aceitando,aceitar,Gerund,N/A,N/A
acho,achar,Present,1st,Singular
achei,achar,Past,1st,Singular
achas,achar,Present,2nd,Singular
achaste,achar,Past,2nd,Singular
acha,achar,Present,3rd,Singular
achou,achar,Past,3rd,Singular
achamos,achar,Present,1st,Plural
achámos,achar,Past,1st,Plural
achais,achar,Present,2nd,Plural
achastes,achar,Past,2nd,Plural
acham,achar,Present,3rd,Plural
acharam,achar,Past,3rd,Plural
achando,achar,Gerund,N/A,N/A
acordo,acordar,Present,1st,Singular
acordei,acordar,Past,1st,Singular
acordas,acordar,Present,2nd,Singular
acordaste,acordar,Past,2nd,Singular
acorda,acordar,Present,3rd,Singular
acordou,acordar,Past,3rd,Singular
acordamos,acordar,Present,1st,Plural
acordámos,acordar,Past,1st,Plural
acordais,acordar,Present,2nd,Plural
acordastes,acordar,Past,2nd,Plural
acordam,acordar,Present,3rd,Plural
acordaram,acordar,Past,3rd,Plural
acordando,acordar,Gerund,N/A,N/A
agradeco,agradecer,Present,1st,Singular
agradeci,agradecer,Past,1st,Singular
agradeces,agradecer,Present,2nd,Singular
agradeceste,agradecer,Past,2nd,Singular
agradece,agradecer,Present,3rd,Singular
agradeceu,agradecer,Past,3rd,Singular
agradecemos,agradecer,Present,1st,Plural
agradecemos,agradecer,Past,1st,Plural
agradeceis,agradecer,Present,2nd,Plural
agradecestes,agradecer,Past,2nd,Plural
agradecem,agradecer,Present,3rd,Plural
agradeceram,agradecer,Past,3rd,Plural
agradecendo,agradecer,Gerund,N/A,N/A
aguardo,aguardar,Present,1st,Singular
aguardei,aguardar,Past,1st,Singular
aguardas,aguardar,Present,2nd,Singular
aguardaste,aguardar,Past,2nd,Singular
aguarda,aguardar,Present,3rd,Singular
aguardou,aguardar,Past,3rd,Singular
aguardamos,aguardar,Present,1st,Plural
aguardámos,aguardar,Past,1st,Plural
aguardais,aguardar,Present,2nd,Plural
aguardastes,aguardar,Past,2nd,Plural
aguardam,aguardar,Present,3rd,Plural
aguardaram,aguardar,Past,3rd,Plural
aguardando,aguardar,Gerund,N/A,N/A
ajudo,ajudar,Present,1st,Singular
ajudei,ajudar,Past,1st,Singular
ajudas,ajudar,Present,2nd,Singular
ajudaste,ajudar,Past,2nd,Singular
ajuda,ajudar,Present,3rd,Singular
ajudou,ajudar,Past,3rd,Singular
ajudamos,ajudar,Present,1st,Plural
ajudámos,ajudar,Past,1st,Plural
ajudais,ajudar,Present,2nd,Plural
ajudastes,ajudar,Past,2nd,Plural
ajudam,ajudar,Present,3rd,Plural
ajudaram,ajudar,Past,3rd,Plural
ajudando,ajudar,Gerund,N/A,N/A
alugo,alugar,Present,1st,Singular
alugei,alugar,Past,1st,Singular
alugas,alugar,Present,2nd,Singular
alugaste,alugar,Past,2nd,Singular
aluga,alugar,Present,3rd,Singular
alugou,alugar,Past,3rd,Singular
alugamos,alugar,Present,1st,Plural
alugámos,alugar,Past,1st,Plural
alugais,alugar,Present,2nd,Plural
alugastes,alugar,Past,2nd,Plural
alugam,alugar,Present,3rd,Plural
alugaram,alugar,Past,3rd,Plural
alugando,alugar,Gerund,N/A,N/A
amo,amar,Present,1st,Singular
amei,amar,Past,1st,Singular
amas,amar,Present,2nd,Singular
amaste,amar,Past,2nd,Singular
ama,amar,Present,3rd,Singular
amou,amar,Past,3rd,Singular
amamos,amar,Present,1st,Plural
amámos,amar,Past,1st,Plural
amais,amar,Present,2nd,Plural
amastes,amar,Past,2nd,Plural
amam,amar,Present,3rd,Plural
amaram,amar,Past,3rd,Plural
amando,amar,Gerund,N/A,N/A
ando,andar,Present,1st,Singular
andei,andar,Past,1st,Singular
andas,andar,Present,2nd,Singular
andaste,andar,Past,2nd,Singular
anda,andar,Present,3rd,Singular
andou,andar,Past,3rd,Singular
andamos,andar,Present,1st,Plural
andámos,andar,Past,1st,Plural
andais,andar,Present,2nd,Plural
andastes,andar,Past,2nd,Plural
andam,andar,Present,3rd,Plural
andaram,andar,Past,3rd,Plural
andando,andar,Gerund,N/A,N/A
apanho,apanhar,Present,1st,Singular
apanhei,apanhar,Past,1st,Singular
apanhas,apanhar,Present,2nd,Singular
apanhaste,apanhar,Past,2nd,Singular
apanha,apanhar,Present,3rd,Singular
apanhou,apanhar,Past,3rd,Singular
apanhamos,apanhar,Present,1st,Plural
apanhámos,apanhar,Past,1st,Plural
apanhais,apanhar,Present,2nd,Plural
apanhastes,apanhar,Past,2nd,Plural
apanham,apanhar,Present,3rd,Plural
apanharam,apanhar,Past,3rd,Plural
apanhando,apanhar,Gerund,N/A,N/A
apeteco,apetecer,Present,1st,Singular
apeteci,apetecer,Past,1st,Singular
apeteces,apetecer,Present,2nd,Singular
apeteceste,apetecer,Past,2nd,Singular
apetece,apetecer,Present,3rd,Singular
apeteceu,apetecer,Past,3rd,Singular
apetecemos,apetecer,Present,1st,Plural
apetecemos,apetecer,Past,1st,Plural
apeteceis,apetecer,Present,2nd,Plural
apetecestes,apetecer,Past,2nd,Plural
apetecem,apetecer,Present,3rd,Plural
apeteceram,apetecer,Past,3rd,Plural
apetecendo,apetecer,Gerund,N/A,N/A
aprendo,aprender,Present,1st,Singular
aprendi,aprender,Past,1st,Singular
aprendes,aprender,Present,2nd,Singular
aprendeste,aprender,Past,2nd,Singular
aprende,aprender,Present,3rd,Singular
aprendeu,aprender,Past,3rd,Singular
aprendemos,aprender,Present,1st,Plural
aprendemos,aprender,Past,1st,Plural
aprendeis,aprender,Present,2nd,Plural
aprendestes,aprender,Past,2nd,Plural
aprendem,aprender,Present,3rd,Plural
aprenderam,aprender,Past,3rd,Plural
aprendendo,aprender,Gerund,N/A,N/A
aqueco,aquecer,Present,1st,Singular
aqueci,aquecer,Past,1st,Singular
aqueces,aquecer,Present,2nd,Singular
aqueceste,aquecer,Past,2nd,Singular
aquece,aquecer,Present,3rd,Singular
aqueceu,aquecer,Past,3rd,Singular
aquecemos,aquecer,Present,1st,Plural
aquecemos,aquecer,Past,1st,Plural
aqueceis,aquecer,Present,2nd,Plural
aquecestes,aquecer,Past,2nd,Plural
aquecem,aquecer,Present,3rd,Plural
aqueceram,aquecer,Past,3rd,Plural
aquecendo,aquecer,Gerund,N/A,N/A
arrumo,arrumar,Present,1st,Singular
arrumei,arrumar,Past,1st,Singular
arrumas,arrumar,Present,2nd,Singular
arrumaste,arrumar,Past,2nd,Singular
arruma,arrumar,Present,3rd,Singular
arrumou,arrumar,Past,3rd,Singular
arrumamos,arrumar,Present,1st,Plural
arrumámos,arrumar,Past,1st,Plural
arrumais,arrumar,Present,2nd,Plural
arrumastes,arrumar,Past,2nd,Plural
arrumam,arrumar,Present,3rd,Plural
arrumaram,arrumar,Past,3rd,Plural
arrumando,arrumar,Gerund,N/A,N/A
aspiro,aspirar,Present,1st,Singular
aspirei,aspirar,Past,1st,Singular
aspiras,aspirar,Present,2nd,Singular
aspiraste,aspirar,Past,2nd,Singular
aspira,aspirar,Present,3rd,Singular
aspirou,aspirar,Past,3rd,Singular
aspiramos,aspirar,Present,1st,Plural
aspirámos,aspirar,Past,1st,Plural
aspirais,aspirar,Present,2nd,Plural
aspirastes,aspirar,Past,2nd,Plural
aspiram,aspirar,Present,3rd,Plural
aspiraram,aspirar,Past,3rd,Plural
aspirando,aspirar,Gerund,N/A,N/A
asso,assar,Present,1st,Singular
assei,assar,Past,1st,Singular
assas,assar,Present,2nd,Singular
assaste,assar,Past,2nd,Singular
assa,assar,Present,3rd,Singular
assou,assar,Past,3rd,Singular
assamos,assar,Present,1st,Plural
assámos,assar,Past,1st,Plural
assais,assar,Present,2nd,Plural
assastes,assar,Past,2nd,Plural
assam,assar,Present,3rd,Plural
assaram,assar,Past,3rd,Plural
assando,assar,Gerund,N/A,N/A
assino,assinar,Present,1st,Singular
assinei,assinar,Past,1st,Singular
assinas,assinar,Present,2nd,Singular
assinaste,assinar,Past,2nd,Singular
assina,assinar,Present,3rd,Singular
assinou,assinar,Past,3rd,Singular
assinamos,assinar,Present,1st,Plural
assinámos,assinar,Past,1st,Plural
assinais,assinar,Present,2nd,Plural
assinastes,assinar,Past,2nd,Plural
assinam,assinar,Present,3rd,Plural
assinaram,assinar,Past,3rd,Plural
assinando,assinar,Gerund,N/A,N/A
aterro,aterrar,Present,1st,Singular
aterrei,aterrar,Past,1st,Singular
aterras,aterrar,Present,2nd,Singular
aterraste,aterrar,Past,2nd,Singular
aterra,aterrar,Present,3rd,Singular
aterrou,aterrar,Past,3rd,Singular
aterramos,aterrar,Present,1st,Plural
aterrámos,aterrar,Past,1st,Plural
aterrais,aterrar,Present,2nd,Plural
aterrastes,aterrar,Past,2nd,Plural
aterram,aterrar,Present,3rd,Plural
aterraram,aterrar,Past,3rd,Plural
aterrando,aterrar,Gerund,N/A,N/A
banho,banhar,Present,1st,Singular
banhei,banhar,Past,1st,Singular
banhas,banhar,Present,2nd,Singular
banhaste,banhar,Past,2nd,Singular
banha,banhar,Present,3rd,Singular
banhou,banhar,Past,3rd,Singular
banhamos,banhar,Present,1st,Plural
banhámos,banhar,Past,1st,Plural
banhais,banhar,Present,2nd,Plural
banhastes,banhar,Past,2nd,Plural
banham,banhar,Present,3rd,Plural
banharam,banhar,Past,3rd,Plural
banhando,banhar,Gerund,N/A,N/A
bato,bater,Present,1st,Singular
bati,bater,Past,1st,Singular
bates,bater,Present,2nd,Singular
bateste,bater,Past,2nd,Singular
bate,bater,Present,3rd,Singular
bateu,bater,Past,3rd,Singular
batemos,bater,Present,1st,Plural
batemos,bater,Past,1st,Plural
bateis,bater,Present,2nd,Plural
batestes,bater,Past,2nd,Plural
batem,bater,Present,3rd,Plural
bateram,bater,Past,3rd,Plural
batendo,bater,Gerund,N/A,N/A
bebo,beber,Present,1st,Singular
bebi,beber,Past,1st,Singular
bebes,beber,Present,2nd,Singular
bebeste,beber,Past,2nd,Singular
bebe,beber,Present,3rd,Singular
bebeu,beber,Past,3rd,Singular
bebemos,beber,Present,1st,Plural
bebemos,beber,Past,1st,Plural
bebeis,beber,Present,2nd,Plural
bebestes,beber,Past,2nd,Plural
bebem,beber,Present,3rd,Plural
beberam,beber,Past,3rd,Plural
bebendo,beber,Gerund,N/A,N/A
brilho,brilhar,Present,1st,Singular
brilhei,brilhar,Past,1st,Singular
brilhas,brilhar,Present,2nd,Singular
brilhaste,brilhar,Past,2nd,Singular
brilha,brilhar,Present,3rd,Singular
brilhou,brilhar,Past,3rd,Singular
brilhamos,brilhar,Present,1st,Plural
brilhámos,brilhar,Past,1st,Plural
brilhais,brilhar,Present,2nd,Plural
brilhastes,brilhar,Past,2nd,Plural
brilham,brilhar,Present,3rd,Plural
brilharam,brilhar,Past,3rd,Plural
brilhando,brilhar,Gerund,N/A,N/A
busco,buscar,Present,1st,Singular
buscei,buscar,Past,1st,Singular
buscas,buscar,Present,2nd,Singular
buscaste,buscar,Past,2nd,Singular
busca,buscar,Present,3rd,Singular
buscou,buscar,Past,3rd,Singular
buscamos,buscar,Present,1st,Plural
buscámos,buscar,Past,1st,Plural
buscais,buscar,Present,2nd,Plural
buscastes,buscar,Past,2nd,Plural
buscam,buscar,Present,3rd,Plural
buscaram,buscar,Past,3rd,Plural
buscando,buscar,Gerund,N/A,N/A
cao,cair,Present,1st,Singular
cai,cair,Past,1st,Singular
caes,cair,Present,2nd,Singular
caiste,cair,Past,2nd,Singular
cae,cair,Present,3rd,Singular
caiu,cair,Past,3rd,Singular
caimos,cair,Present,1st,Plural
caimos,cair,Past,1st,Plural
cais,cair,Present,2nd,Plural
caistes,cair,Past,2nd,Plural
caem,cair,Present,3rd,Plural
cairam,cair,Past,3rd,Plural
caindo,cair,Gerund,N/A,N/A
canto,cantar,Present,1st,Singular
cantei,cantar,Past,1st,Singular
cantas,cantar,Present,2nd,Singular
cantaste,cantar,Past,2nd,Singular
canta,cantar,Present,3rd,Singular
cantou,cantar,Past,3rd,Singular
cantamos,cantar,Present,1st,Plural
cantámos,cantar,Past,1st,Plural
cantais,cantar,Present,2nd,Plural
cantastes,cantar,Past,2nd,Plural
cantam,cantar,Present,3rd,Plural
cantaram,cantar,Past,3rd,Plural
cantando,cantar,Gerund,N/A,N/A
caso,casar,Present,1st,Singular
casei,casar,Past,1st,Singular
casas,casar,Present,2nd,Singular
casaste,casar,Past,2nd,Singular
casa,casar,Present,3rd,Singular
casou,casar,Past,3rd,Singular
casamos,casar,Present,1st,Plural
casámos,casar,Past,1st,Plural
casais,casar,Present,2nd,Plural
casastes,casar,Past,2nd,Plural
casam,casar,Present,3rd,Plural
casaram,casar,Past,3rd,Plural
casando,casar,Gerund,N/A,N/A
chamo,chamar,Present,1st,Singular
chamei,chamar,Past,1st,Singular
chamas,chamar,Present,2nd,Singular
chamaste,chamar,Past,2nd,Singular
chama,chamar,Present,3rd,Singular
chamou,chamar,Past,3rd,Singular
chamamos,chamar,Present,1st,Plural
chamámos,chamar,Past,1st,Plural
chamais,chamar,Present,2nd,Plural
chamastes,chamar,Past,2nd,Plural
chamam,chamar,Present,3rd,Plural
chamaram,chamar,Past,3rd,Plural
chamando,chamar,Gerund,N/A,N/A
chego,chegar,Present,1st,Singular
chegei,chegar,Past,1st,Singular
chegas,chegar,Present,2nd,Singular
chegaste,chegar,Past,2nd,Singular
chega,chegar,Present,3rd,Singular
chegou,chegar,Past,3rd,Singular
chegamos,chegar,Present,1st,Plural
chegámos,chegar,Past,1st,Plural
chegais,chegar,Present,2nd,Plural
chegastes,chegar,Past,2nd,Plural
chegam,chegar,Present,3rd,Plural
chegaram,chegar,Past,3rd,Plural
chegando,chegar,Gerund,N/A,N/A
chovo,chover,Present,1st,Singular
chovi,chover,Past,1st,Singular
choves,chover,Present,2nd,Singular
choveste,chover,Past,2nd,Singular
chove,chover,Present,3rd,Singular
choveu,chover,Past,3rd,Singular
chovemos,chover,Present,1st,Plural
chovemos,chover,Past,1st,Plural
choveis,chover,Present,2nd,Plural
chovestes,chover,Past,2nd,Plural
chovem,chover,Present,3rd,Plural
choveram,chover,Past,3rd,Plural
chovendo,chover,Gerund,N/A,N/A
cobro,cobrir,Present,1st,Singular
cobri,cobrir,Past,1st,Singular
cobres,cobrir,Present,2nd,Singular
cobriste,cobrir,Past,2nd,Singular
cobre,cobrir,Present,3rd,Singular
cobriu,cobrir,Past,3rd,Singular
cobrimos,cobrir,Present,1st,Plural
cobrimos,cobrir,Past,1st,Plural
cobris,cobrir,Present,2nd,Plural
cobristes,cobrir,Past,2nd,Plural
cobrem,cobrir,Present,3rd,Plural
cobriram,cobrir,Past,3rd,Plural
cobrindo,cobrir,Gerund,N/A,N/A
colho,colher,Present,1st,Singular
colhi,colher,Past,1st,Singular
colhes,colher,Present,2nd,Singular
colheste,colher,Past,2nd,Singular
colhe,colher,Present,3rd,Singular
colheu,colher,Past,3rd,Singular
colhemos,colher,Present,1st,Plural
colhemos,colher,Past,1st,Plural
colheis,colher,Present,2nd,Plural
colhestes,colher,Past,2nd,Plural
colhem,colher,Present,3rd,Plural
colheram,colher,Past,3rd,Plural
colhendo,colher,Gerund,N/A,N/A
começo,começar,Present,1st,Singular
começei,começar,Past,1st,Singular
começas,começar,Present,2nd,Singular
começaste,começar,Past,2nd,Singular
começa,começar,Present,3rd,Singular
começou,começar,Past,3rd,Singular
começamos,começar,Present,1st,Plural
começámos,começar,Past,1st,Plural
começais,começar,Present,2nd,Plural
começastes,começar,Past,2nd,Plural
começam,começar,Present,3rd,Plural
começaram,começar,Past,3rd,Plural
começando,começar,Gerund,N/A,N/A
como,comer,Present,1st,Singular
comi,comer,Past,1st,Singular
comes,comer,Present,2nd,Singular
comeste,comer,Past,2nd,Singular
come,comer,Present,3rd,Singular
comeu,comer,Past,3rd,Singular
comemos,comer,Present,1st,Plural
comemos,comer,Past,1st,Plural
comeis,comer,Present,2nd,Plural
comestes,comer,Past,2nd,Plural
comem,comer,Present,3rd,Plural
comeram,comer,Past,3rd,Plural
comendo,comer,Gerund,N/A,N/A
comporto,comportar,Present,1st,Singular
comportei,comportar,Past,1st,Singular
comportas,comportar,Present,2nd,Singular
comportaste,comportar,Past,2nd,Singular
comporta,comportar,Present,3rd,Singular
comportou,comportar,Past,3rd,Singular
comportamos,comportar,Present,1st,Plural
comportámos,comportar,Past,1st,Plural
comportais,comportar,Present,2nd,Plural
comportastes,comportar,Past,2nd,Plural
comportam,comportar,Present,3rd,Plural
comportaram,comportar,Past,3rd,Plural
comportando,comportar,Gerund,N/A,N/A
compro,comprar,Present,1st,Singular
comprei,comprar,Past,1st,Singular
compras,comprar,Present,2nd,Singular
compraste,comprar,Past,2nd,Singular
compra,comprar,Present,3rd,Singular
comprou,comprar,Past,3rd,Singular
compramos,comprar,Present,1st,Plural
comprámos,comprar,Past,1st,Plural
comprais,comprar,Present,2nd,Plural
comprastes,comprar,Past,2nd,Plural
compram,comprar,Present,3rd,Plural
compraram,comprar,Past,3rd,Plural
comprando,comprar,Gerund,N/A,N/A
congelo,congelar,Present,1st,Singular
congelei,congelar,Past,1st,Singular
congelas,congelar,Present,2nd,Singular
congelaste,congelar,Past,2nd,Singular
congela,congelar,Present,3rd,Singular
congelou,congelar,Past,3rd,Singular
congelamos,congelar,Present,1st,Plural
congelámos,congelar,Past,1st,Plural
congelais,congelar,Present,2nd,Plural
congelastes,congelar,Past,2nd,Plural
congelam,congelar,Present,3rd,Plural
congelaram,congelar,Past,3rd,Plural
congelando,congelar,Gerund,N/A,N/A
conheco,conhecer,Present,1st,Singular
conheci,conhecer,Past,1st,Singular
conheces,conhecer,Present,2nd,Singular
conheceste,conhecer,Past,2nd,Singular
conhece,conhecer,Present,3rd,Singular
conheceu,conhecer,Past,3rd,Singular
conhecemos,conhecer,Present,1st,Plural
conhecemos,conhecer,Past,1st,Plural
conheceis,conhecer,Present,2nd,Plural
conhecestes,conhecer,Past,2nd,Plural
conhecem,conhecer,Present,3rd,Plural
conheceram,conhecer,Past,3rd,Plural
conhecendo,conhecer,Gerund,N/A,N/A
conserto,consertar,Present,1st,Singular
consertei,consertar,Past,1st,Singular
consertas,consertar,Present,2nd,Singular
consertaste,consertar,Past,2nd,Singular
conserta,consertar,Present,3rd,Singular
consertou,consertar,Past,3rd,Singular
consertamos,consertar,Present,1st,Plural
consertámos,consertar,Past,1st,Plural
consertais,consertar,Present,2nd,Plural
consertastes,consertar,Past,2nd,Plural
consertam,consertar,Present,3rd,Plural
consertaram,consertar,Past,3rd,Plural
consertando,consertar,Gerund,N/A,N/A
continuo,continuar,Present,1st,Singular
continuei,continuar,Past,1st,Singular
continuas,continuar,Present,2nd,Singular
continuaste,continuar,Past,2nd,Singular
continua,continuar,Present,3rd,Singular
continuou,continuar,Past,3rd,Singular
continuamos,continuar,Present,1st,Plural
continuámos,continuar,Past,1st,Plural
continuais,continuar,Present,2nd,Plural
continuastes,continuar,Past,2nd,Plural
continuam,continuar,Present,3rd,Plural
continuaram,continuar,Past,3rd,Plural
continuando,continuar,Gerund,N/A,N/A
converso,conversar,Present,1st,Singular
conversei,conversar,Past,1st,Singular
conversas,conversar,Present,2nd,Singular
conversaste,conversar,Past,2nd,Singular
conversa,conversar,Present,3rd,Singular
conversou,conversar,Past,3rd,Singular
conversamos,conversar,Present,1st,Plural
conversámos,conversar,Past,1st,Plural
conversais,conversar,Present,2nd,Plural
conversastes,conversar,Past,2nd,Plural
conversam,conversar,Present,3rd,Plural
conversaram,conversar,Past,3rd,Plural
conversando,conversar,Gerund,N/A,N/A
corro,correr,Present,1st,Singular
corri,correr,Past,1st,Singular
corres,correr,Present,2nd,Singular
correste,correr,Past,2nd,Singular
corre,correr,Present,3rd,Singular
correu,correr,Past,3rd,Singular
corremos,correr,Present,1st,Plural
corremos,correr,Past,1st,Plural
correis,correr,Present,2nd,Plural
correstes,correr,Past,2nd,Plural
correm,correr,Present,3rd,Plural
correram,correr,Past,3rd,Plural
correndo,correr,Gerund,N/A,N/A
corto,cortar,Present,1st,Singular
cortei,cortar,Past,1st,Singular
cortas,cortar,Present,2nd,Singular
cortaste,cortar,Past,2nd,Singular
corta,cortar,Present,3rd,Singular
cortou,cortar,Past,3rd,Singular
cortamos,cortar,Present,1st,Plural
cortámos,cortar,Past,1st,Plural
cortais,cortar,Present,2nd,Plural
cortastes,cortar,Past,2nd,Plural
cortam,cortar,Present,3rd,Plural
cortaram,cortar,Past,3rd,Plural
cortando,cortar,Gerund,N/A,N/A
cozo,cozer,Present,1st,Singular
cozi,cozer,Past,1st,Singular
cozes,cozer,Present,2nd,Singular
cozeste,cozer,Past,2nd,Singular
coze,cozer,Present,3rd,Singular
cozeu,cozer,Past,3rd,Singular
cozemos,cozer,Present,1st,Plural
cozemos,cozer,Past,1st,Plural
cozeis,cozer,Present,2nd,Plural
cozestes,cozer,Past,2nd,Plural
cozem,cozer,Present,3rd,Plural
cozeram,cozer,Past,3rd,Plural
cozendo,cozer,Gerund,N/A,N/A
cozinho,cozinhar,Present,1st,Singular
cozinhei,cozinhar,Past,1st,Singular
cozinhas,cozinhar,Present,2nd,Singular
cozinhaste,cozinhar,Past,2nd,Singular
cozinha,cozinhar,Present,3rd,Singular
cozinhou,cozinhar,Past,3rd,Singular
cozinhamos,cozinhar,Present,1st,Plural
cozinhámos,cozinhar,Past,1st,Plural
cozinhais,cozinhar,Present,2nd,Plural
cozinhastes,cozinhar,Past,2nd,Plural
cozinham,cozinhar,Present,3rd,Plural
cozinharam,cozinhar,Past,3rd,Plural
cozinhando,cozinhar,Gerund,N/A,N/A
cresco,crescer,Present,1st,Singular
cresci,crescer,Past,1st,Singular
cresces,crescer,Present,2nd,Singular
cresceste,crescer,Past,2nd,Singular
cresce,crescer,Present,3rd,Singular
cresceu,crescer,Past,3rd,Singular
crescemos,crescer,Present,1st,Plural
crescemos,crescer,Past,1st,Plural
cresceis,crescer,Present,2nd,Plural
crescestes,crescer,Past,2nd,Plural
crescem,crescer,Present,3rd,Plural
cresceram,crescer,Past,3rd,Plural
crescendo,crescer,Gerund,N/A,N/A
cumprimento,cumprimentar,Present,1st,Singular
cumprimentei,cumprimentar,Past,1st,Singular
cumprimentas,cumprimentar,Present,2nd,Singular
cumprimentaste,cumprimentar,Past,2nd,Singular
cumprimenta,cumprimentar,Present,3rd,Singular
cumprimentou,cumprimentar,Past,3rd,Singular
cumprimentamos,cumprimentar,Present,1st,Plural
cumprimentámos,cumprimentar,Past,1st,Plural
cumprimentais,cumprimentar,Present,2nd,Plural
cumprimentastes,cumprimentar,Past,2nd,Plural
cumprimentam,cumprimentar,Present,3rd,Plural
cumprimentaram,cumprimentar,Past,3rd,Plural
cumprimentando,cumprimentar,Gerund,N/A,N/A
danço,dançar,Present,1st,Singular
dançei,dançar,Past,1st,Singular
danças,dançar,Present,2nd,Singular
dançaste,dançar,Past,2nd,Singular
dança,dançar,Present,3rd,Singular
dançou,dançar,Past,3rd,Singular
dançamos,dançar,Present,1st,Plural
dançámos,dançar,Past,1st,Plural
dançais,dançar,Present,2nd,Plural
dançastes,dançar,Past,2nd,Plural
dançam,dançar,Present,3rd,Plural
dançaram,dançar,Past,3rd,Plural
dançando,dançar,Gerund,N/A,N/A
do,dar,Present,1st,Singular
dei,dar,Past,1st,Singular
das,dar,Present,2nd,Singular
daste,dar,Past,2nd,Singular
da,dar,Present,3rd,Singular
dou,dar,Past,3rd,Singular
damos,dar,Present,1st,Plural
dámos,dar,Past,1st,Plural
dais,dar,Present,2nd,Plural
dastes,dar,Past,2nd,Plural
dam,dar,Present,3rd,Plural
daram,dar,Past,3rd,Plural
dando,dar,Gerund,N/A,N/A
deixo,deixar,Present,1st,Singular
deixei,deixar,Past,1st,Singular
deixas,deixar,Present,2nd,Singular
deixaste,deixar,Past,2nd,Singular
deixa,deixar,Present,3rd,Singular
deixou,deixar,Past,3rd,Singular
deixamos,deixar,Present,1st,Plural
deixámos,deixar,Past,1st,Plural
deixais,deixar,Present,2nd,Plural
deixastes,deixar,Past,2nd,Plural
deixam,deixar,Present,3rd,Plural
deixaram,deixar,Past,3rd,Plural
deixando,deixar,Gerund,N/A,N/A
descanso,descansar,Present,1st,Singular
descansei,descansar,Past,1st,Singular
descansas,descansar,Present,2nd,Singular
descansaste,descansar,Past,2nd,Singular
descansa,descansar,Present,3rd,Singular
descansou,descansar,Past,3rd,Singular
descansamos,descansar,Present,1st,Plural
descansámos,descansar,Past,1st,Plural
descansais,descansar,Present,2nd,Plural
descansastes,descansar,Past,2nd,Plural
descansam,descansar,Present,3rd,Plural
descansaram,descansar,Past,3rd,Plural
descansando,descansar,Gerund,N/A,N/A
descarto,descartar,Present,1st,Singular
descartei,descartar,Past,1st,Singular
descartas,descartar,Present,2nd,Singular
descartaste,descartar,Past,2nd,Singular
descarta,descartar,Present,3rd,Singular
descartou,descartar,Past,3rd,Singular
descartamos,descartar,Present,1st,Plural
descartámos,descartar,Past,1st,Plural
descartais,descartar,Present,2nd,Plural
descartastes,descartar,Past,2nd,Plural
descartam,descartar,Present,3rd,Plural
descartaram,descartar,Past,3rd,Plural
descartando,descartar,Gerund,N/A,N/A
descobro,descobrir,Present,1st,Singular
descobri,descobrir,Past,1st,Singular
descobres,descobrir,Present,2nd,Singular
descobriste,descobrir,Past,2nd,Singular
descobre,descobrir,Present,3rd,Singular
descobriu,descobrir,Past,3rd,Singular
descobrimos,descobrir,Present,1st,Plural
descobrimos,descobrir,Past,1st,Plural
descobris,descobrir,Present,2nd,Plural
descobristes,descobrir,Past,2nd,Plural
descobrem,descobrir,Present,3rd,Plural
descobriram,descobrir,Past,3rd,Plural
descobrindo,descobrir,Gerund,N/A,N/A
descrevo,descrever,Present,1st,Singular
descrevi,descrever,Past,1st,Singular
descreves,descrever,Present,2nd,Singular
descreveste,descrever,Past,2nd,Singular
descreve,descrever,Present,3rd,Singular
descreveu,descrever,Past,3rd,Singular
descrevemos,descrever,Present,1st,Plural
descrevemos,descrever,Past,1st,Plural
descreveis,descrever,Present,2nd,Plural
descrevestes,descrever,Past,2nd,Plural
descrevem,descrever,Present,3rd,Plural
descreveram,descrever,Past,3rd,Plural
descrevendo,descrever,Gerund,N/A,N/A
desejo,desejar,Present,1st,Singular
desejei,desejar,Past,1st,Singular
desejas,desejar,Present,2nd,Singular
desejaste,desejar,Past,2nd,Singular
deseja,desejar,Present,3rd,Singular
desejou,desejar,Past,3rd,Singular
desejamos,desejar,Present,1st,Plural
desejámos,desejar,Past,1st,Plural
desejais,desejar,Present,2nd,Plural
desejastes,desejar,Past,2nd,Plural
desejam,desejar,Present,3rd,Plural
desejaram,desejar,Past,3rd,Plural
desejando,desejar,Gerund,N/A,N/A
desenho,desenhar,Present,1st,Singular
desenhei,desenhar,Past,1st,Singular
desenhas,desenhar,Present,2nd,Singular
desenhaste,desenhar,Past,2nd,Singular
desenha,desenhar,Present,3rd,Singular
desenhou,desenhar,Past,3rd,Singular
desenhamos,desenhar,Present,1st,Plural
desenhámos,desenhar,Past,1st,Plural
desenhais,desenhar,Present,2nd,Plural
desenhastes,desenhar,Past,2nd,Plural
desenham,desenhar,Present,3rd,Plural
desenharam,desenhar,Past,3rd,Plural
desenhando,desenhar,Gerund,N/A,N/A
detesto,detestar,Present,1st,Singular
detestei,detestar,Past,1st,Singular
detestas,detestar,Present,2nd,Singular
detestaste,detestar,Past,2nd,Singular
detesta,detestar,Present,3rd,Singular
detestou,detestar,Past,3rd,Singular
detestamos,detestar,Present,1st,Plural
detestámos,detestar,Past,1st,Plural
detestais,detestar,Present,2nd,Plural
detestastes,detestar,Past,2nd,Plural
detestam,detestar,Present,3rd,Plural
detestaram,detestar,Past,3rd,Plural
detestando,detestar,Gerund,N/A,N/A
devo,dever,Present,1st,Singular
devi,dever,Past,1st,Singular
deves,dever,Present,2nd,Singular
deveste,dever,Past,2nd,Singular
deve,dever,Present,3rd,Singular
deveu,dever,Past,3rd,Singular
devemos,dever,Present,1st,Plural
devemos,dever,Past,1st,Plural
deveis,dever,Present,2nd,Plural
devestes,dever,Past,2nd,Plural
devem,dever,Present,3rd,Plural
deveram,dever,Past,3rd,Plural
devendo,dever,Gerund,N/A,N/A
doo,doer,Present,1st,Singular
doi,doer,Past,1st,Singular
does,doer,Present,2nd,Singular
doeste,doer,Past,2nd,Singular
doe,doer,Present,3rd,Singular
doeu,doer,Past,3rd,Singular
doemos,doer,Present,1st,Plural
doemos,doer,Past,1st,Plural
doeis,doer,Present,2nd,Plural
doestes,doer,Past,2nd,Plural
doem,doer,Present,3rd,Plural
doeram,doer,Past,3rd,Plural
doendo,doer,Gerund,N/A,N/A
dormo,dormir,Present,1st,Singular
dormi,dormir,Past,1st,Singular
dormes,dormir,Present,2nd,Singular
dormiste,dormir,Past,2nd,Singular
dorme,dormir,Present,3rd,Singular
dormiu,dormir,Past,3rd,Singular
dormimos,dormir,Present,1st,Plural
dormimos,dormir,Past,1st,Plural
dormis,dormir,Present,2nd,Plural
dormistes,dormir,Past,2nd,Plural
dormem,dormir,Present,3rd,Plural
dormiram,dormir,Past,3rd,Plural
dormindo,dormir,Gerund,N/A,N/A
empresto,emprestar,Present,1st,Singular
emprestei,emprestar,Past,1st,Singular
emprestas,emprestar,Present,2nd,Singular
emprestaste,emprestar,Past,2nd,Singular
empresta,emprestar,Present,3rd,Singular
emprestou,emprestar,Past,3rd,Singular
emprestamos,emprestar,Present,1st,Plural
emprestámos,emprestar,Past,1st,Plural
emprestais,emprestar,Present,2nd,Plural
emprestastes,emprestar,Past,2nd,Plural
emprestam,emprestar,Present,3rd,Plural
emprestaram,emprestar,Past,3rd,Plural
emprestando,emprestar,Gerund,N/A,N/A
empurro,empurrar,Present,1st,Singular
empurrei,empurrar,Past,1st,Singular
empurras,empurrar,Present,2nd,Singular
empurraste,empurrar,Past,2nd,Singular
empurra,empurrar,Present,3rd,Singular
empurrou,empurrar,Past,3rd,Singular
empurramos,empurrar,Present,1st,Plural
empurrámos,empurrar,Past,1st,Plural
empurrais,empurrar,Present,2nd,Plural
empurrastes,empurrar,Past,2nd,Plural
empurram,empurrar,Present,3rd,Plural
empurraram,empurrar,Past,3rd,Plural
empurrando,empurrar,Gerund,N/A,N/A
ensino,ensinar,Present,1st,Singular
ensinei,ensinar,Past,1st,Singular
ensinas,ensinar,Present,2nd,Singular
ensinaste,ensinar,Past,2nd,Singular
ensina,ensinar,Present,3rd,Singular
ensinou,ensinar,Past,3rd,Singular
ensinamos,ensinar,Present,1st,Plural
ensinámos,ensinar,Past,1st,Plural
ensinais,ensinar,Present,2nd,Plural
ensinastes,ensinar,Past,2nd,Plural
ensinam,ensinar,Present,3rd,Plural
ensinaram,ensinar,Past,3rd,Plural
ensinando,ensinar,Gerund,N/A,N/A
entro,entrar,Present,1st,Singular
entrei,entrar,Past,1st,Singular
entras,entrar,Present,2nd,Singular
entraste,entrar,Past,2nd,Singular
entra,entrar,Present,3rd,Singular
entrou,entrar,Past,3rd,Singular
entramos,entrar,Present,1st,Plural
entrámos,entrar,Past,1st,Plural
entrais,entrar,Present,2nd,Plural
entrastes,entrar,Past,2nd,Plural
entram,entrar,Present,3rd,Plural
entraram,entrar,Past,3rd,Plural
entrando,entrar,Gerund,N/A,N/A
envio,enviar,Present,1st,Singular
enviei,enviar,Past,1st,Singular
envias,enviar,Present,2nd,Singular
enviaste,enviar,Past,2nd,Singular
envia,enviar,Present,3rd,Singular
enviou,enviar,Past,3rd,Singular
enviamos,enviar,Present,1st,Plural
enviámos,enviar,Past,1st,Plural
enviais,enviar,Present,2nd,Plural
enviastes,enviar,Past,2nd,Plural
enviam,enviar,Present,3rd,Plural
enviaram,enviar,Past,3rd,Plural
enviando,enviar,Gerund,N/A,N/A
escolho,escolher,Present,1st,Singular
escolhi,escolher,Past,1st,Singular
escolhes,escolher,Present,2nd,Singular
escolheste,escolher,Past,2nd,Singular
escolhe,escolher,Present,3rd,Singular
escolheu,escolher,Past,3rd,Singular
escolhemos,escolher,Present,1st,Plural
escolhemos,escolher,Past,1st,Plural
escolheis,escolher,Present,2nd,Plural
escolhestes,escolher,Past,2nd,Plural
escolhem,escolher,Present,3rd,Plural
escolheram,escolher,Past,3rd,Plural
escolhendo,escolher,Gerund,N/A,N/A
escovo,escovar,Present,1st,Singular
escovei,escovar,Past,1st,Singular
escovas,escovar,Present,2nd,Singular
escovaste,escovar,Past,2nd,Singular
escova,escovar,Present,3rd,Singular
escovou,escovar,Past,3rd,Singular
escovamos,escovar,Present,1st,Plural
escovámos,escovar,Past,1st,Plural
escovais,escovar,Present,2nd,Plural
escovastes,escovar,Past,2nd,Plural
escovam,escovar,Present,3rd,Plural
escovaram,escovar,Past,3rd,Plural
escovando,escovar,Gerund,N/A,N/A
escrevo,escrever,Present,1st,Singular
escrevi,escrever,Past,1st,Singular
escreves,escrever,Present,2nd,Singular
escreveste,escrever,Past,2nd,Singular
escreve,escrever,Present,3rd,Singular
escreveu,escrever,Past,3rd,Singular
escrevemos,escrever,Present,1st,Plural
escrevemos,escrever,Past,1st,Plural
escreveis,escrever,Present,2nd,Plural
escrevestes,escrever,Past,2nd,Plural
escrevem,escrever,Present,3rd,Plural
escreveram,escrever,Past,3rd,Plural
escrevendo,escrever,Gerund,N/A,N/A
esgoto,esgotar,Present,1st,Singular
esgotei,esgotar,Past,1st,Singular
esgotas,esgotar,Present,2nd,Singular
esgotaste,esgotar,Past,2nd,Singular
esgota,esgotar,Present,3rd,Singular
esgotou,esgotar,Past,3rd,Singular
esgotamos,esgotar,Present,1st,Plural
esgotámos,esgotar,Past,1st,Plural
esgotais,esgotar,Present,2nd,Plural
esgotastes,esgotar,Past,2nd,Plural
esgotam,esgotar,Present,3rd,Plural
esgotaram,esgotar,Past,3rd,Plural
esgotando,esgotar,Gerund,N/A,N/A
espero,esperar,Present,1st,Singular
esperei,esperar,Past,1st,Singular
esperas,esperar,Present,2nd,Singular
esperaste,esperar,Past,2nd,Singular
espera,esperar,Present,3rd,Singular
esperou,esperar,Past,3rd,Singular
esperamos,esperar,Present,1st,Plural
esperámos,esperar,Past,1st,Plural
esperais,esperar,Present,2nd,Plural
esperastes,esperar,Past,2nd,Plural
esperam,esperar,Present,3rd,Plural
esperaram,esperar,Past,3rd,Plural
esperando,esperar,Gerund,N/A,N/A
esqueco,esquecer,Present,1st,Singular
esqueci,esquecer,Past,1st,Singular
esqueces,esquecer,Present,2nd,Singular
esqueceste,esquecer,Past,2nd,Singular
esquece,esquecer,Present,3rd,Singular
esqueceu,esquecer,Past,3rd,Singular
esquecemos,esquecer,Present,1st,Plural
esquecemos,esquecer,Past,1st,Plural
esqueceis,esquecer,Present,2nd,Plural
esquecestes,esquecer,Past,2nd,Plural
esquecem,esquecer,Present,3rd,Plural
esqueceram,esquecer,Past,3rd,Plural
esquecendo,esquecer,Gerund,N/A,N/A
estudo,estudar,Present,1st,Singular
estudei,estudar,Past,1st,Singular
estudas,estudar,Present,2nd,Singular
estudaste,estudar,Past,2nd,Singular
estuda,estudar,Present,3rd,Singular
estudou,estudar,Past,3rd,Singular
estudamos,estudar,Present,1st,Plural
estudámos,estudar,Past,1st,Plural
estudais,estudar,Present,2nd,Plural
estudastes,estudar,Past,2nd,Plural
estudam,estudar,Present,3rd,Plural
estudaram,estudar,Past,3rd,Plural
estudando,estudar,Gerund,N/A,N/A
esvazio,esvaziar,Present,1st,Singular
esvaziei,esvaziar,Past,1st,Singular
esvazias,esvaziar,Present,2nd,Singular
esvaziaste,esvaziar,Past,2nd,Singular
esvazia,esvaziar,Present,3rd,Singular
esvaziou,esvaziar,Past,3rd,Singular
esvaziamos,esvaziar,Present,1st,Plural
esvaziámos,esvaziar,Past,1st,Plural
esvaziais,esvaziar,Present,2nd,Plural
esvaziastes,esvaziar,Past,2nd,Plural
esvaziam,esvaziar,Present,3rd,Plural
esvaziaram,esvaziar,Past,3rd,Plural
esvaziando,esvaziar,Gerund,N/A,N/A
evito,evitar,Present,1st,Singular
evitei,evitar,Past,1st,Singular
evitas,evitar,Present,2nd,Singular
evitaste,evitar,Past,2nd,Singular
evita,evitar,Present,3rd,Singular
evitou,evitar,Past,3rd,Singular
evitamos,evitar,Present,1st,Plural
evitámos,evitar,Past,1st,Plural
evitais,evitar,Present,2nd,Plural
evitastes,evitar,Past,2nd,Plural
evitam,evitar,Present,3rd,Plural
evitaram,evitar,Past,3rd,Plural
evitando,evitar,Gerund,N/A,N/A
examino,examinar,Present,1st,Singular
examinei,examinar,Past,1st,Singular
examinas,examinar,Present,2nd,Singular
examinaste,examinar,Past,2nd,Singular
examina,examinar,Present,3rd,Singular
examinou,examinar,Past,3rd,Singular
examinamos,examinar,Present,1st,Plural
examinámos,examinar,Past,1st,Plural
examinais,examinar,Present,2nd,Plural
examinastes,examinar,Past,2nd,Plural
examinam,examinar,Present,3rd,Plural
examinaram,examinar,Past,3rd,Plural
examinando,examinar,Gerund,N/A,N/A
falo,falar,Present,1st,Singular
falei,falar,Past,1st,Singular
falas,falar,Present,2nd,Singular
falaste,falar,Past,2nd,Singular
fala,falar,Present,3rd,Singular
falou,falar,Past,3rd,Singular
falamos,falar,Present,1st,Plural
falámos,falar,Past,1st,Plural
falais,falar,Present,2nd,Plural
falastes,falar,Past,2nd,Plural
falam,falar,Present,3rd,Plural
falaram,falar,Past,3rd,Plural
falando,falar,Gerund,N/A,N/A
falto,faltar,Present,1st,Singular
faltei,faltar,Past,1st,Singular
faltas,faltar,Present,2nd,Singular
faltaste,faltar,Past,2nd,Singular
falta,faltar,Present,3rd,Singular
faltou,faltar,Past,3rd,Singular
faltamos,faltar,Present,1st,Plural
faltámos,faltar,Past,1st,Plural
faltais,faltar,Present,2nd,Plural
faltastes,faltar,Past,2nd,Plural
faltam,faltar,Present,3rd,Plural
faltaram,faltar,Past,3rd,Plural
faltando,faltar,Gerund,N/A,N/A
faço,fazer,Present,1st,Singular
fiz,fazer,Past,1st,Singular
fazes,fazer,Present,2nd,Singular
fizeste,fazer,Past,2nd,Singular
faz,fazer,Present,3rd,Singular
fez,fazer,Past,3rd,Singular
fazemos,fazer,Present,1st,Plural
fizemos,fazer,Past,1st,Plural
fazeis,fazer,Present,2nd,Plural
fizestes,fazer,Past,2nd,Plural
fazem,fazer,Present,3rd,Plural
fizeram,fazer,Past,3rd,Plural
fazendo,fazer,Gerund,N/A,N/A
fecho,fechar,Present,1st,Singular
fechei,fechar,Past,1st,Singular
fechas,fechar,Present,2nd,Singular
fechaste,fechar,Past,2nd,Singular
fecha,fechar,Present,3rd,Singular
fechou,fechar,Past,3rd,Singular
fechamos,fechar,Present,1st,Plural
fechámos,fechar,Past,1st,Plural
fechais,fechar,Present,2nd,Plural
fechastes,fechar,Past,2nd,Plural
fecham,fechar,Present,3rd,Plural
fecharam,fechar,Past,3rd,Plural
fechando,fechar,Gerund,N/A,N/A
fico,ficar,Present,1st,Singular
ficei,ficar,Past,1st,Singular
ficas,ficar,Present,2nd,Singular
ficaste,ficar,Past,2nd,Singular
fica,ficar,Present,3rd,Singular
ficou,ficar,Past,3rd,Singular
ficamos,ficar,Present,1st,Plural
ficámos,ficar,Past,1st,Plural
ficais,ficar,Present,2nd,Plural
ficastes,ficar,Past,2nd,Plural
ficam,ficar,Present,3rd,Plural
ficaram,ficar,Past,3rd,Plural
ficando,ficar,Gerund,N/A,N/A
funciono,funcionar,Present,1st,Singular
funcionei,funcionar,Past,1st,Singular
funcionas,funcionar,Present,2nd,Singular
funcionaste,funcionar,Past,2nd,Singular
funciona,funcionar,Present,3rd,Singular
funcionou,funcionar,Past,3rd,Singular
funcionamos,funcionar,Present,1st,Plural
funcionámos,funcionar,Past,1st,Plural
funcionais,funcionar,Present,2nd,Plural
funcionastes,funcionar,Past,2nd,Plural
funcionam,funcionar,Present,3rd,Plural
funcionaram,funcionar,Past,3rd,Plural
funcionando,funcionar,Gerund,N/A,N/A
ganho,ganhar,Present,1st,Singular
ganhei,ganhar,Past,1st,Singular
ganhas,ganhar,Present,2nd,Singular
ganhaste,ganhar,Past,2nd,Singular
ganha,ganhar,Present,3rd,Singular
ganhou,ganhar,Past,3rd,Singular
ganhamos,ganhar,Present,1st,Plural
ganhámos,ganhar,Past,1st,Plural
ganhais,ganhar,Present,2nd,Plural
ganhastes,ganhar,Past,2nd,Plural
ganham,ganhar,Present,3rd,Plural
ganharam,ganhar,Past,3rd,Plural
ganhando,ganhar,Gerund,N/A,N/A
gasto,gastar,Present,1st,Singular
gastei,gastar,Past,1st,Singular
gastas,gastar,Present,2nd,Singular
gastaste,gastar,Past,2nd,Singular
gasta,gastar,Present,3rd,Singular
gastou,gastar,Past,3rd,Singular
gastamos,gastar,Present,1st,Plural
gastámos,gastar,Past,1st,Plural
gastais,gastar,Present,2nd,Plural
gastastes,gastar,Past,2nd,Plural
gastam,gastar,Present,3rd,Plural
gastaram,gastar,Past,3rd,Plural
gastando,gastar,Gerund,N/A,N/A
gosto,gostar,Present,1st,Singular
gostei,gostar,Past,1st,Singular
gostas,gostar,Present,2nd,Singular
gostaste,gostar,Past,2nd,Singular
gosta,gostar,Present,3rd,Singular
gostou,gostar,Past,3rd,Singular
gostamos,gostar,Present,1st,Plural
gostámos,gostar,Past,1st,Plural
gostais,gostar,Present,2nd,Plural
gostastes,gostar,Past,2nd,Plural
gostam,gostar,Present,3rd,Plural
gostaram,gostar,Past,3rd,Plural
gostando,gostar,Gerund,N/A,N/A
grelho,grelhar,Present,1st,Singular
grelhei,grelhar,Past,1st,Singular
grelhas,grelhar,Present,2nd,Singular
grelhaste,grelhar,Past,2nd,Singular
grelha,grelhar,Present,3rd,Singular
grelhou,grelhar,Past,3rd,Singular
grelhamos,grelhar,Present,1st,Plural
grelhámos,grelhar,Past,1st,Plural
grelhais,grelhar,Present,2nd,Plural
grelhastes,grelhar,Past,2nd,Plural
grelham,grelhar,Present,3rd,Plural
grelharam,grelhar,Past,3rd,Plural
grelhando,grelhar,Gerund,N/A,N/A
grito,gritar,Present,1st,Singular
gritei,gritar,Past,1st,Singular
gritas,gritar,Present,2nd,Singular
gritaste,gritar,Past,2nd,Singular
grita,gritar,Present,3rd,Singular
gritou,gritar,Past,3rd,Singular
gritamos,gritar,Present,1st,Plural
gritámos,gritar,Past,1st,Plural
gritais,gritar,Present,2nd,Plural
gritastes,gritar,Past,2nd,Plural
gritam,gritar,Present,3rd,Plural
gritaram,gritar,Past,3rd,Plural
gritando,gritar,Gerund,N/A,N/A
vou,ir,Present,1st,Singular
fui,ir,Past,1st,Singular
vais,ir,Present,2nd,Singular
foste,ir,Past,2nd,Singular
vai,ir,Present,3rd,Singular
foi,ir,Past,3rd,Singular
vamos,ir,Present,1st,Plural
fomos,ir,Past,1st,Plural
ides,ir,Present,2nd,Plural
fostes,ir,Past,2nd,Plural
vão,ir,Present,3rd,Plural
foram,ir,Past,3rd,Plural
indo,ir,Gerund,N/A,N/A
janto,jantar,Present,1st,Singular
jantei,jantar,Past,1st,Singular
jantas,jantar,Present,2nd,Singular
jantaste,jantar,Past,2nd,Singular
janta,jantar,Present,3rd,Singular
jantou,jantar,Past,3rd,Singular
jantamos,jantar,Present,1st,Plural
jantámos,jantar,Past,1st,Plural
jantais,jantar,Present,2nd,Plural
jantastes,jantar,Past,2nd,Plural
jantam,jantar,Present,3rd,Plural
jantaram,jantar,Past,3rd,Plural
jantando,jantar,Gerund,N/A,N/A
jogo,jogar,Present,1st,Singular
jogei,jogar,Past,1st,Singular
jogas,jogar,Present,2nd,Singular
jogaste,jogar,Past,2nd,Singular
joga,jogar,Present,3rd,Singular
jogou,jogar,Past,3rd,Singular
jogamos,jogar,Present,1st,Plural
jogámos,jogar,Past,1st,Plural
jogais,jogar,Present,2nd,Plural
jogastes,jogar,Past,2nd,Plural
jogam,jogar,Present,3rd,Plural
jogaram,jogar,Past,3rd,Plural
jogando,jogar,Gerund,N/A,N/A
lancho,lanchar,Present,1st,Singular
lanchei,lanchar,Past,1st,Singular
lanchas,lanchar,Present,2nd,Singular
lanchaste,lanchar,Past,2nd,Singular
lancha,lanchar,Present,3rd,Singular
lanchou,lanchar,Past,3rd,Singular
lanchamos,lanchar,Present,1st,Plural
lanchámos,lanchar,Past,1st,Plural
lanchais,lanchar,Present,2nd,Plural
lanchastes,lanchar,Past,2nd,Plural
lancham,lanchar,Present,3rd,Plural
lancharam,lanchar,Past,3rd,Plural
lanchando,lanchar,Gerund,N/A,N/A
lavo,lavar,Present,1st,Singular
lavei,lavar,Past,1st,Singular
lavas,lavar,Present,2nd,Singular
lavaste,lavar,Past,2nd,Singular
lava,lavar,Present,3rd,Singular
lavou,lavar,Past,3rd,Singular
lavamos,lavar,Present,1st,Plural
lavámos,lavar,Past,1st,Plural
lavais,lavar,Present,2nd,Plural
lavastes,lavar,Past,2nd,Plural
lavam,lavar,Present,3rd,Plural
lavaram,lavar,Past,3rd,Plural
lavando,lavar,Gerund,N/A,N/A
lembro,lembrar,Present,1st,Singular
lembrei,lembrar,Past,1st,Singular
lembras,lembrar,Present,2nd,Singular
lembraste,lembrar,Past,2nd,Singular
lembra,lembrar,Present,3rd,Singular
lembrou,lembrar,Past,3rd,Singular
lembramos,lembrar,Present,1st,Plural
lembrámos,lembrar,Past,1st,Plural
lembrais,lembrar,Present,2nd,Plural
lembrastes,lembrar,Past,2nd,Plural
lembram,lembrar,Present,3rd,Plural
lembraram,lembrar,Past,3rd,Plural
lembrando,lembrar,Gerund,N/A,N/A
lo,ler,Present,1st,Singular
li,ler,Past,1st,Singular
les,ler,Present,2nd,Singular
leste,ler,Past,2nd,Singular
le,ler,Present,3rd,Singular
leu,ler,Past,3rd,Singular
lemos,ler,Present,1st,Plural
lemos,ler,Past,1st,Plural
leis,ler,Present,2nd,Plural
lestes,ler,Past,2nd,Plural
lem,ler,Present,3rd,Plural
leram,ler,Past,3rd,Plural
lendo,ler,Gerund,N/A,N/A
levo,levar,Present,1st,Singular
levei,levar,Past,1st,Singular
levas,levar,Present,2nd,Singular
levaste,levar,Past,2nd,Singular
leva,levar,Present,3rd,Singular
levou,levar,Past,3rd,Singular
levamos,levar,Present,1st,Plural
levámos,levar,Past,1st,Plural
levais,levar,Present,2nd,Plural
levastes,levar,Past,2nd,Plural
levam,levar,Present,3rd,Plural
levaram,levar,Past,3rd,Plural
levando,levar,Gerund,N/A,N/A
ligo,ligar,Present,1st,Singular
ligei,ligar,Past,1st,Singular
ligas,ligar,Present,2nd,Singular
ligaste,ligar,Past,2nd,Singular
liga,ligar,Present,3rd,Singular
ligou,ligar,Past,3rd,Singular
ligamos,ligar,Present,1st,Plural
ligámos,ligar,Past,1st,Plural
ligais,ligar,Present,2nd,Plural
ligastes,ligar,Past,2nd,Plural
ligam,ligar,Present,3rd,Plural
ligaram,ligar,Past,3rd,Plural
ligando,ligar,Gerund,N/A,N/A
limpo,limpar,Present,1st,Singular
limpei,limpar,Past,1st,Singular
limpas,limpar,Present,2nd,Singular
limpaste,limpar,Past,2nd,Singular
limpa,limpar,Present,3rd,Singular
limpou,limpar,Past,3rd,Singular
limpamos,limpar,Present,1st,Plural
limpámos,limpar,Past,1st,Plural
limpais,limpar,Present,2nd,Plural
limpastes,limpar,Past,2nd,Plural
limpam,limpar,Present,3rd,Plural
limparam,limpar,Past,3rd,Plural
limpando,limpar,Gerund,N/A,N/A
mando,mandar,Present,1st,Singular
mandei,mandar,Past,1st,Singular
mandas,mandar,Present,2nd,Singular
mandaste,mandar,Past,2nd,Singular
manda,mandar,Present,3rd,Singular
mandou,mandar,Past,3rd,Singular
mandamos,mandar,Present,1st,Plural
mandámos,mandar,Past,1st,Plural
mandais,mandar,Present,2nd,Plural
mandastes,mandar,Past,2nd,Plural
mandam,mandar,Present,3rd,Plural
mandaram,mandar,Past,3rd,Plural
mandando,mandar,Gerund,N/A,N/A
meto,meter,Present,1st,Singular
meti,meter,Past,1st,Singular
metes,meter,Present,2nd,Singular
meteste,meter,Past,2nd,Singular
mete,meter,Present,3rd,Singular
meteu,meter,Past,3rd,Singular
metemos,meter,Present,1st,Plural
metemos,meter,Past,1st,Plural
meteis,meter,Present,2nd,Plural
metestes,meter,Past,2nd,Plural
metem,meter,Present,3rd,Plural
meteram,meter,Past,3rd,Plural
metendo,meter,Gerund,N/A,N/A
moro,morar,Present,1st,Singular
morei,morar,Past,1st,Singular
moras,morar,Present,2nd,Singular
moraste,morar,Past,2nd,Singular
mora,morar,Present,3rd,Singular
morou,morar,Past,3rd,Singular
moramos,morar,Present,1st,Plural
morámos,morar,Past,1st,Plural
morais,morar,Present,2nd,Plural
morastes,morar,Past,2nd,Plural
moram,morar,Present,3rd,Plural
moraram,morar,Past,3rd,Plural
morando,morar,Gerund,N/A,N/A
mostro,mostrar,Present,1st,Singular
mostrei,mostrar,Past,1st,Singular
mostras,mostrar,Present,2nd,Singular
mostraste,mostrar,Past,2nd,Singular
mostra,mostrar,Present,3rd,Singular
mostrou,mostrar,Past,3rd,Singular
mostramos,mostrar,Present,1st,Plural
mostrámos,mostrar,Past,1st,Plural
mostrais,mostrar,Present,2nd,Plural
mostrastes,mostrar,Past,2nd,Plural
mostram,mostrar,Present,3rd,Plural
mostraram,mostrar,Past,3rd,Plural
mostrando,mostrar,Gerund,N/A,N/A
mudo,mudar,Present,1st,Singular
mudei,mudar,Past,1st,Singular
mudas,mudar,Present,2nd,Singular
mudaste,mudar,Past,2nd,Singular
muda,mudar,Present,3rd,Singular
mudou,mudar,Past,3rd,Singular
mudamos,mudar,Present,1st,Plural
mudámos,mudar,Past,1st,Plural
mudais,mudar,Present,2nd,Plural
mudastes,mudar,Past,2nd,Plural
mudam,mudar,Present,3rd,Plural
mudaram,mudar,Past,3rd,Plural
mudando,mudar,Gerund,N/A,N/A
nado,nadar,Present,1st,Singular
nadei,nadar,Past,1st,Singular
nadas,nadar,Present,2nd,Singular
nadaste,nadar,Past,2nd,Singular
nada,nadar,Present,3rd,Singular
nadou,nadar,Past,3rd,Singular
nadamos,nadar,Present,1st,Plural
nadámos,nadar,Past,1st,Plural
nadais,nadar,Present,2nd,Plural
nadastes,nadar,Past,2nd,Plural
nadam,nadar,Present,3rd,Plural
nadaram,nadar,Past,3rd,Plural
nadando,nadar,Gerund,N/A,N/A
navego,navegar,Present,1st,Singular
navegei,navegar,Past,1st,Singular
navegas,navegar,Present,2nd,Singular
navegaste,navegar,Past,2nd,Singular
navega,navegar,Present,3rd,Singular
navegou,navegar,Past,3rd,Singular
navegamos,navegar,Present,1st,Plural
navegámos,navegar,Past,1st,Plural
navegais,navegar,Present,2nd,Plural
navegastes,navegar,Past,2nd,Plural
navegam,navegar,Present,3rd,Plural
navegaram,navegar,Past,3rd,Plural
navegando,navegar,Gerund,N/A,N/A
nevo,nevar,Present,1st,Singular
nevei,nevar,Past,1st,Singular
nevas,nevar,Present,2nd,Singular
nevaste,nevar,Past,2nd,Singular
neva,nevar,Present,3rd,Singular
nevou,nevar,Past,3rd,Singular
nevamos,nevar,Present,1st,Plural
nevámos,nevar,Past,1st,Plural
nevais,nevar,Present,2nd,Plural
nevastes,nevar,Past,2nd,Plural
nevam,nevar,Present,3rd,Plural
nevaram,nevar,Past,3rd,Plural
nevando,nevar,Gerund,N/A,N/A
ofereco,oferecer,Present,1st,Singular
ofereci,oferecer,Past,1st,Singular
ofereces,oferecer,Present,2nd,Singular
ofereceste,oferecer,Past,2nd,Singular
oferece,oferecer,Present,3rd,Singular
ofereceu,oferecer,Past,3rd,Singular
oferecemos,oferecer,Present,1st,Plural
oferecemos,oferecer,Past,1st,Plural
ofereceis,oferecer,Present,2nd,Plural
oferecestes,oferecer,Past,2nd,Plural
oferecem,oferecer,Present,3rd,Plural
ofereceram,oferecer,Past,3rd,Plural
oferecendo,oferecer,Gerund,N/A,N/A
olho,olhar,Present,1st,Singular
olhei,olhar,Past,1st,Singular
olhas,olhar,Present,2nd,Singular
olhaste,olhar,Past,2nd,Singular
olha,olhar,Present,3rd,Singular
olhou,olhar,Past,3rd,Singular
olhamos,olhar,Present,1st,Plural
olhámos,olhar,Past,1st,Plural
olhais,olhar,Present,2nd,Plural
olhastes,olhar,Past,2nd,Plural
olham,olhar,Present,3rd,Plural
olharam,olhar,Past,3rd,Plural
olhando,olhar,Gerund,N/A,N/A
organizo,organizar,Present,1st,Singular
organizei,organizar,Past,1st,Singular
organizas,organizar,Present,2nd,Singular
organizaste,organizar,Past,2nd,Singular
organiza,organizar,Present,3rd,Singular
organizou,organizar,Past,3rd,Singular
organizamos,organizar,Present,1st,Plural
organizámos,organizar,Past,1st,Plural
organizais,organizar,Present,2nd,Plural
organizastes,organizar,Past,2nd,Plural
organizam,organizar,Present,3rd,Plural
organizaram,organizar,Past,3rd,Plural
organizando,organizar,Gerund,N/A,N/A
ouvo,ouvir,Present,1st,Singular
ouvi,ouvir,Past,1st,Singular
ouves,ouvir,Present,2nd,Singular
ouviste,ouvir,Past,2nd,Singular
ouve,ouvir,Present,3rd,Singular
ouviu,ouvir,Past,3rd,Singular
ouvimos,ouvir,Present,1st,Plural
ouvimos,ouvir,Past,1st,Plural
ouvis,ouvir,Present,2nd,Plural
ouvistes,ouvir,Past,2nd,Plural
ouvem,ouvir,Present,3rd,Plural
ouviram,ouvir,Past,3rd,Plural
ouvindo,ouvir,Gerund,N/A,N/A
pago,pagar,Present,1st,Singular
pagei,pagar,Past,1st,Singular
pagas,pagar,Present,2nd,Singular
pagaste,pagar,Past,2nd,Singular
paga,pagar,Present,3rd,Singular
pagou,pagar,Past,3rd,Singular
pagamos,pagar,Present,1st,Plural
pagámos,pagar,Past,1st,Plural
pagais,pagar,Present,2nd,Plural
pagastes,pagar,Past,2nd,Plural
pagam,pagar,Present,3rd,Plural
pagaram,pagar,Past,3rd,Plural
pagando,pagar,Gerund,N/A,N/A
paro,parar,Present,1st,Singular
parei,parar,Past,1st,Singular
paras,parar,Present,2nd,Singular
paraste,parar,Past,2nd,Singular
para,parar,Present,3rd,Singular
parou,parar,Past,3rd,Singular
paramos,parar,Present,1st,Plural
parámos,parar,Past,1st,Plural
parais,parar,Present,2nd,Plural
parastes,parar,Past,2nd,Plural
param,parar,Present,3rd,Plural
pararam,parar,Past,3rd,Plural
parando,parar,Gerund,N/A,N/A
partilho,partilhar,Present,1st,Singular
partilhei,partilhar,Past,1st,Singular
partilhas,partilhar,Present,2nd,Singular
partilhaste,partilhar,Past,2nd,Singular
partilha,partilhar,Present,3rd,Singular
partilhou,partilhar,Past,3rd,Singular
partilhamos,partilhar,Present,1st,Plural
partilhámos,partilhar,Past,1st,Plural
partilhais,partilhar,Present,2nd,Plural
partilhastes,partilhar,Past,2nd,Plural
partilham,partilhar,Present,3rd,Plural
partilharam,partilhar,Past,3rd,Plural
partilhando,partilhar,Gerund,N/A,N/A
parto,partir,Present,1st,Singular
parti,partir,Past,1st,Singular
partes,partir,Present,2nd,Singular
partiste,partir,Past,2nd,Singular
parte,partir,Present,3rd,Singular
partiu,partir,Past,3rd,Singular
partimos,partir,Present,1st,Plural
partimos,partir,Past,1st,Plural
partis,partir,Present,2nd,Plural
partistes,partir,Past,2nd,Plural
partem,partir,Present,3rd,Plural
partiram,partir,Past,3rd,Plural
partindo,partir,Gerund,N/A,N/A
passo,passar,Present,1st,Singular
passei,passar,Past,1st,Singular
passas,passar,Present,2nd,Singular
passaste,passar,Past,2nd,Singular
passa,passar,Present,3rd,Singular
passou,passar,Past,3rd,Singular
passamos,passar,Present,1st,Plural
passámos,passar,Past,1st,Plural
passais,passar,Present,2nd,Plural
passastes,passar,Past,2nd,Plural
passam,passar,Present,3rd,Plural
passaram,passar,Past,3rd,Plural
passando,passar,Gerund,N/A,N/A
pedo,pedir,Present,1st,Singular
pedi,pedir,Past,1st,Singular
pedes,pedir,Present,2nd,Singular
pediste,pedir,Past,2nd,Singular
pede,pedir,Present,3rd,Singular
pediu,pedir,Past,3rd,Singular
pedimos,pedir,Present,1st,Plural
pedimos,pedir,Past,1st,Plural
pedis,pedir,Present,2nd,Plural
pedistes,pedir,Past,2nd,Plural
pedem,pedir,Present,3rd,Plural
pediram,pedir,Past,3rd,Plural
pedindo,pedir,Gerund,N/A,N/A
percebo,perceber,Present,1st,Singular
percebi,perceber,Past,1st,Singular
percebes,perceber,Present,2nd,Singular
percebeste,perceber,Past,2nd,Singular
percebe,perceber,Present,3rd,Singular
percebeu,perceber,Past,3rd,Singular
percebemos,perceber,Present,1st,Plural
percebemos,perceber,Past,1st,Plural
percebeis,perceber,Present,2nd,Plural
percebestes,perceber,Past,2nd,Plural
percebem,perceber,Present,3rd,Plural
perceberam,perceber,Past,3rd,Plural
percebendo,perceber,Gerund,N/A,N/A
perdo,perder,Present,1st,Singular
perdi,perder,Past,1st,Singular
perdes,perder,Present,2nd,Singular
perdeste,perder,Past,2nd,Singular
perde,perder,Present,3rd,Singular
perdeu,perder,Past,3rd,Singular
perdemos,perder,Present,1st,Plural
perdemos,perder,Past,1st,Plural
perdeis,perder,Present,2nd,Plural
perdestes,perder,Past,2nd,Plural
perdem,perder,Present,3rd,Plural
perderam,perder,Past,3rd,Plural
perdendo,perder,Gerund,N/A,N/A
pergunto,perguntar,Present,1st,Singular
perguntei,perguntar,Past,1st,Singular
perguntas,perguntar,Present,2nd,Singular
perguntaste,perguntar,Past,2nd,Singular
pergunta,perguntar,Present,3rd,Singular
perguntou,perguntar,Past,3rd,Singular
perguntamos,perguntar,Present,1st,Plural
perguntámos,perguntar,Past,1st,Plural
perguntais,perguntar,Present,2nd,Plural
perguntastes,perguntar,Past,2nd,Plural
perguntam,perguntar,Present,3rd,Plural
perguntaram,perguntar,Past,3rd,Plural
perguntando,perguntar,Gerund,N/A,N/A
peso,pesar,Present,1st,Singular
pesei,pesar,Past,1st,Singular
pesas,pesar,Present,2nd,Singular
pesaste,pesar,Past,2nd,Singular
pesa,pesar,Present,3rd,Singular
pesou,pesar,Past,3rd,Singular
pesamos,pesar,Present,1st,Plural
pesámos,pesar,Past,1st,Plural
pesais,pesar,Present,2nd,Plural
pesastes,pesar,Past,2nd,Plural
pesam,pesar,Present,3rd,Plural
pesaram,pesar,Past,3rd,Plural
pesando,pesar,Gerund,N/A,N/A
pesco,pescar,Present,1st,Singular
pescei,pescar,Past,1st,Singular
pescas,pescar,Present,2nd,Singular
pescaste,pescar,Past,2nd,Singular
pesca,pescar,Present,3rd,Singular
pescou,pescar,Past,3rd,Singular
pescamos,pescar,Present,1st,Plural
pescámos,pescar,Past,1st,Plural
pescais,pescar,Present,2nd,Plural
pescastes,pescar,Past,2nd,Plural
pescam,pescar,Present,3rd,Plural
pescaram,pescar,Past,3rd,Plural
pescando,pescar,Gerund,N/A,N/A
pinto,pintar,Present,1st,Singular
pintei,pintar,Past,1st,Singular
pintas,pintar,Present,2nd,Singular
pintaste,pintar,Past,2nd,Singular
pinta,pintar,Present,3rd,Singular
pintou,pintar,Past,3rd,Singular
pintamos,pintar,Present,1st,Plural
pintámos,pintar,Past,1st,Plural
pintais,pintar,Present,2nd,Plural
pintastes,pintar,Past,2nd,Plural
pintam,pintar,Present,3rd,Plural
pintaram,pintar,Past,3rd,Plural
pintando,pintar,Gerund,N/A,N/A
poupo,poupar,Present,1st,Singular
poupei,poupar,Past,1st,Singular
poupas,poupar,Present,2nd,Singular
poupaste,poupar,Past,2nd,Singular
poupa,poupar,Present,3rd,Singular
poupou,poupar,Past,3rd,Singular
poupamos,poupar,Present,1st,Plural
poupámos,poupar,Past,1st,Plural
poupais,poupar,Present,2nd,Plural
poupastes,poupar,Past,2nd,Plural
poupam,poupar,Present,3rd,Plural
pouparam,poupar,Past,3rd,Plural
poupando,poupar,Gerund,N/A,N/A
pratico,praticar,Present,1st,Singular
praticei,praticar,Past,1st,Singular
praticas,praticar,Present,2nd,Singular
praticaste,praticar,Past,2nd,Singular
pratica,praticar,Present,3rd,Singular
praticou,praticar,Past,3rd,Singular
praticamos,praticar,Present,1st,Plural
praticámos,praticar,Past,1st,Plural
praticais,praticar,Present,2nd,Plural
praticastes,praticar,Past,2nd,Plural
praticam,praticar,Present,3rd,Plural
praticaram,praticar,Past,3rd,Plural
praticando,praticar,Gerund,N/A,N/A
preciso,precisar,Present,1st,Singular
precisei,precisar,Past,1st,Singular
precisas,precisar,Present,2nd,Singular
precisaste,precisar,Past,2nd,Singular
precisa,precisar,Present,3rd,Singular
precisou,precisar,Past,3rd,Singular
precisamos,precisar,Present,1st,Plural
precisámos,precisar,Past,1st,Plural
precisais,precisar,Present,2nd,Plural
precisastes,precisar,Past,2nd,Plural
precisam,precisar,Present,3rd,Plural
precisaram,precisar,Past,3rd,Plural
precisando,precisar,Gerund,N/A,N/A
preencho,preencher,Present,1st,Singular
preenchi,preencher,Past,1st,Singular
preenches,preencher,Present,2nd,Singular
preencheste,preencher,Past,2nd,Singular
preenche,preencher,Present,3rd,Singular
preencheu,preencher,Past,3rd,Singular
preenchemos,preencher,Present,1st,Plural
preenchemos,preencher,Past,1st,Plural
preencheis,preencher,Present,2nd,Plural
preenchestes,preencher,Past,2nd,Plural
preenchem,preencher,Present,3rd,Plural
preencheram,preencher,Past,3rd,Plural
preenchendo,preencher,Gerund,N/A,N/A
premo,premir,Present,1st,Singular
premi,premir,Past,1st,Singular
premes,premir,Present,2nd,Singular
premiste,premir,Past,2nd,Singular
preme,premir,Present,3rd,Singular
premiu,premir,Past,3rd,Singular
premimos,premir,Present,1st,Plural
premimos,premir,Past,1st,Plural
premis,premir,Present,2nd,Plural
premistes,premir,Past,2nd,Plural
premem,premir,Present,3rd,Plural
premiram,premir,Past,3rd,Plural
premindo,premir,Gerund,N/A,N/A
preparo,preparar,Present,1st,Singular
preparei,preparar,Past,1st,Singular
preparas,preparar,Present,2nd,Singular
preparaste,preparar,Past,2nd,Singular
prepara,preparar,Present,3rd,Singular
preparou,preparar,Past,3rd,Singular
preparamos,preparar,Present,1st,Plural
preparámos,preparar,Past,1st,Plural
preparais,preparar,Present,2nd,Plural
preparastes,preparar,Past,2nd,Plural
preparam,preparar,Present,3rd,Plural
prepararam,preparar,Past,3rd,Plural
preparando,preparar,Gerund,N/A,N/A
procuro,procurar,Present,1st,Singular
procurei,procurar,Past,1st,Singular
procuras,procurar,Present,2nd,Singular
procuraste,procurar,Past,2nd,Singular
procura,procurar,Present,3rd,Singular
procurou,procurar,Past,3rd,Singular
procuramos,procurar,Present,1st,Plural
procurámos,procurar,Past,1st,Plural
procurais,procurar,Present,2nd,Plural
procurastes,procurar,Past,2nd,Plural
procuram,procurar,Present,3rd,Plural
procuraram,procurar,Past,3rd,Plural
procurando,procurar,Gerund,N/A,N/A
proibo,proibir,Present,1st,Singular
proibi,proibir,Past,1st,Singular
proibes,proibir,Present,2nd,Singular
proibiste,proibir,Past,2nd,Singular
proibe,proibir,Present,3rd,Singular
proibiu,proibir,Past,3rd,Singular
proibimos,proibir,Present,1st,Plural
proibimos,proibir,Past,1st,Plural
proibis,proibir,Present,2nd,Plural
proibistes,proibir,Past,2nd,Plural
proibem,proibir,Present,3rd,Plural
proibiram,proibir,Past,3rd,Plural
proibindo,proibir,Gerund,N/A,N/A
puxo,puxar,Present,1st,Singular
puxei,puxar,Past,1st,Singular
puxas,puxar,Present,2nd,Singular
puxaste,puxar,Past,2nd,Singular
puxa,puxar,Present,3rd,Singular
puxou,puxar,Past,3rd,Singular
puxamos,puxar,Present,1st,Plural
puxámos,puxar,Past,1st,Plural
puxais,puxar,Present,2nd,Plural
puxastes,puxar,Past,2nd,Plural
puxam,puxar,Present,3rd,Plural
puxaram,puxar,Past,3rd,Plural
puxando,puxar,Gerund,N/A,N/A
quero,querer,Present,1st,Singular
queri,querer,Past,1st,Singular
queres,querer,Present,2nd,Singular
quereste,querer,Past,2nd,Singular
quere,querer,Present,3rd,Singular
quereu,querer,Past,3rd,Singular
queremos,querer,Present,1st,Plural
queremos,querer,Past,1st,Plural
quereis,querer,Present,2nd,Plural
querestes,querer,Past,2nd,Plural
querem,querer,Present,3rd,Plural
quereram,querer,Past,3rd,Plural
querendo,querer,Gerund,N/A,N/A
recebo,receber,Present,1st,Singular
recebi,receber,Past,1st,Singular
recebes,receber,Present,2nd,Singular
recebeste,receber,Past,2nd,Singular
recebe,receber,Present,3rd,Singular
recebeu,receber,Past,3rd,Singular
recebemos,receber,Present,1st,Plural
recebemos,receber,Past,1st,Plural
recebeis,receber,Present,2nd,Plural
recebestes,receber,Past,2nd,Plural
recebem,receber,Present,3rd,Plural
receberam,receber,Past,3rd,Plural
recebendo,receber,Gerund,N/A,N/A
remo,remar,Present,1st,Singular
remei,remar,Past,1st,Singular
remas,remar,Present,2nd,Singular
remaste,remar,Past,2nd,Singular
rema,remar,Present,3rd,Singular
remou,remar,Past,3rd,Singular
remamos,remar,Present,1st,Plural
remámos,remar,Past,1st,Plural
remais,remar,Present,2nd,Plural
remastes,remar,Past,2nd,Plural
remam,remar,Present,3rd,Plural
remaram,remar,Past,3rd,Plural
remando,remar,Gerund,N/A,N/A
repeto,repetir,Present,1st,Singular
repeti,repetir,Past,1st,Singular
repetes,repetir,Present,2nd,Singular
repetiste,repetir,Past,2nd,Singular
repete,repetir,Present,3rd,Singular
repetiu,repetir,Past,3rd,Singular
repetimos,repetir,Present,1st,Plural
repetimos,repetir,Past,1st,Plural
repetis,repetir,Present,2nd,Plural
repetistes,repetir,Past,2nd,Plural
repetem,repetir,Present,3rd,Plural
repetiram,repetir,Past,3rd,Plural
repetindo,repetir,Gerund,N/A,N/A
reservo,reservar,Present,1st,Singular
reservei,reservar,Past,1st,Singular
reservas,reservar,Present,2nd,Singular
reservaste,reservar,Past,2nd,Singular
reserva,reservar,Present,3rd,Singular
reservou,reservar,Past,3rd,Singular
reservamos,reservar,Present,1st,Plural
reservámos,reservar,Past,1st,Plural
reservais,reservar,Present,2nd,Plural
reservastes,reservar,Past,2nd,Plural
reservam,reservar,Present,3rd,Plural
reservaram,reservar,Past,3rd,Plural
reservando,reservar,Gerund,N/A,N/A
respondo,responder,Present,1st,Singular
respondi,responder,Past,1st,Singular
respondes,responder,Present,2nd,Singular
respondeste,responder,Past,2nd,Singular
responde,responder,Present,3rd,Singular
respondeu,responder,Past,3rd,Singular
respondemos,responder,Present,1st,Plural
respondemos,responder,Past,1st,Plural
respondeis,responder,Present,2nd,Plural
respondestes,responder,Past,2nd,Plural
respondem,responder,Present,3rd,Plural
responderam,responder,Past,3rd,Plural
respondendo,responder,Gerund,N/A,N/A
ro,rir,Present,1st,Singular
ri,rir,Past,1st,Singular
res,rir,Present,2nd,Singular
riste,rir,Past,2nd,Singular
re,rir,Present,3rd,Singular
riu,rir,Past,3rd,Singular
rimos,rir,Present,1st,Plural
rimos,rir,Past,1st,Plural
ris,rir,Present,2nd,Plural
ristes,rir,Past,2nd,Plural
rem,rir,Present,3rd,Plural
riram,rir,Past,3rd,Plural
rindo,rir,Gerund,N/A,N/A
sabo,saber,Present,1st,Singular
sabi,saber,Past,1st,Singular
sabes,saber,Present,2nd,Singular
sabeste,saber,Past,2nd,Singular
sabe,saber,Present,3rd,Singular
sabeu,saber,Past,3rd,Singular
sabemos,saber,Present,1st,Plural
sabemos,saber,Past,1st,Plural
sabeis,saber,Present,2nd,Plural
sabestes,saber,Past,2nd,Plural
sabem,saber,Present,3rd,Plural
saberam,saber,Past,3rd,Plural
sabendo,saber,Gerund,N/A,N/A
sao,sair,Present,1st,Singular
sai,sair,Past,1st,Singular
saes,sair,Present,2nd,Singular
saiste,sair,Past,2nd,Singular
sae,sair,Present,3rd,Singular
saiu,sair,Past,3rd,Singular
saimos,sair,Present,1st,Plural
saimos,sair,Past,1st,Plural
sais,sair,Present,2nd,Plural
saistes,sair,Past,2nd,Plural
saem,sair,Present,3rd,Plural
sairam,sair,Past,3rd,Plural
saindo,sair,Gerund,N/A,N/A
salto,saltar,Present,1st,Singular
saltei,saltar,Past,1st,Singular
saltas,saltar,Present,2nd,Singular
saltaste,saltar,Past,2nd,Singular
salta,saltar,Present,3rd,Singular
saltou,saltar,Past,3rd,Singular
saltamos,saltar,Present,1st,Plural
saltámos,saltar,Past,1st,Plural
saltais,saltar,Present,2nd,Plural
saltastes,saltar,Past,2nd,Plural
saltam,saltar,Present,3rd,Plural
saltaram,saltar,Past,3rd,Plural
saltando,saltar,Gerund,N/A,N/A
seco,secar,Present,1st,Singular
secei,secar,Past,1st,Singular
secas,secar,Present,2nd,Singular
secaste,secar,Past,2nd,Singular
seca,secar,Present,3rd,Singular
secou,secar,Past,3rd,Singular
secamos,secar,Present,1st,Plural
secámos,secar,Past,1st,Plural
secais,secar,Present,2nd,Plural
secastes,secar,Past,2nd,Plural
secam,secar,Present,3rd,Plural
secaram,secar,Past,3rd,Plural
secando,secar,Gerund,N/A,N/A
servo,servir,Present,1st,Singular
servi,servir,Past,1st,Singular
serves,servir,Present,2nd,Singular
serviste,servir,Past,2nd,Singular
serve,servir,Present,3rd,Singular
serviu,servir,Past,3rd,Singular
servimos,servir,Present,1st,Plural
servimos,servir,Past,1st,Plural
servis,servir,Present,2nd,Plural
servistes,servir,Past,2nd,Plural
servem,servir,Present,3rd,Plural
serviram,servir,Past,3rd,Plural
servindo,servir,Gerund,N/A,N/A
soletro,soletrar,Present,1st,Singular
soletrei,soletrar,Past,1st,Singular
soletras,soletrar,Present,2nd,Singular
soletraste,soletrar,Past,2nd,Singular
soletra,soletrar,Present,3rd,Singular
soletrou,soletrar,Past,3rd,Singular
soletramos,soletrar,Present,1st,Plural
soletrámos,soletrar,Past,1st,Plural
soletrais,soletrar,Present,2nd,Plural
soletrastes,soletrar,Past,2nd,Plural
soletram,soletrar,Present,3rd,Plural
soletraram,soletrar,Past,3rd,Plural
soletrando,soletrar,Gerund,N/A,N/A
sorro,sorrir,Present,1st,Singular
sorri,sorrir,Past,1st,Singular
sorres,sorrir,Present,2nd,Singular
sorriste,sorrir,Past,2nd,Singular
sorre,sorrir,Present,3rd,Singular
sorriu,sorrir,Past,3rd,Singular
sorrimos,sorrir,Present,1st,Plural
sorrimos,sorrir,Past,1st,Plural
sorris,sorrir,Present,2nd,Plural
sorristes,sorrir,Past,2nd,Plural
sorrem,sorrir,Present,3rd,Plural
sorriram,sorrir,Past,3rd,Plural
sorrindo,sorrir,Gerund,N/A,N/A
subo,subir,Present,1st,Singular
subi,subir,Past,1st,Singular
subes,subir,Present,2nd,Singular
subiste,subir,Past,2nd,Singular
sube,subir,Present,3rd,Singular
subiu,subir,Past,3rd,Singular
subimos,subir,Present,1st,Plural
subimos,subir,Past,1st,Plural
subis,subir,Present,2nd,Plural
subistes,subir,Past,2nd,Plural
subem,subir,Present,3rd,Plural
subiram,subir,Past,3rd,Plural
subindo,subir,Gerund,N/A,N/A
telefono,telefonar,Present,1st,Singular
telefonei,telefonar,Past,1st,Singular
telefonas,telefonar,Present,2nd,Singular
telefonaste,telefonar,Past,2nd,Singular
telefona,telefonar,Present,3rd,Singular
telefonou,telefonar,Past,3rd,Singular
telefonamos,telefonar,Present,1st,Plural
telefonámos,telefonar,Past,1st,Plural
telefonais,telefonar,Present,2nd,Plural
telefonastes,telefonar,Past,2nd,Plural
telefonam,telefonar,Present,3rd,Plural
telefonaram,telefonar,Past,3rd,Plural
telefonando,telefonar,Gerund,N/A,N/A
tento,tentar,Present,1st,Singular
tentei,tentar,Past,1st,Singular
tentas,tentar,Present,2nd,Singular
tentaste,tentar,Past,2nd,Singular
tenta,tentar,Present,3rd,Singular
tentou,tentar,Past,3rd,Singular
tentamos,tentar,Present,1st,Plural
tentámos,tentar,Past,1st,Plural
tentais,tentar,Present,2nd,Plural
tentastes,tentar,Past,2nd,Plural
tentam,tentar,Present,3rd,Plural
tentaram,tentar,Past,3rd,Plural
tentando,tentar,Gerund,N/A,N/A
tenho,ter,Present,1st,Singular
tive,ter,Past,1st,Singular
tens,ter,Present,2nd,Singular
tiveste,ter,Past,2nd,Singular
tem,ter,Present,3rd,Singular
teve,ter,Past,3rd,Singular
temos,ter,Present,1st,Plural
tivemos,ter,Past,1st,Plural
tendes,ter,Present,2nd,Plural
tivestes,ter,Past,2nd,Plural
têm,ter,Present,3rd,Plural
tiveram,ter,Past,3rd,Plural
tendo,ter,Gerund,N/A,N/A
toco,tocar,Present,1st,Singular
tocei,tocar,Past,1st,Singular
tocas,tocar,Present,2nd,Singular
tocaste,tocar,Past,2nd,Singular
toca,tocar,Present,3rd,Singular
tocou,tocar,Past,3rd,Singular
tocamos,tocar,Present,1st,Plural
tocámos,tocar,Past,1st,Plural
tocais,tocar,Present,2nd,Plural
tocastes,tocar,Past,2nd,Plural
tocam,tocar,Present,3rd,Plural
tocaram,tocar,Past,3rd,Plural
tocando,tocar,Gerund,N/A,N/A
tomo,tomar,Present,1st,Singular
tomei,tomar,Past,1st,Singular
tomas,tomar,Present,2nd,Singular
tomaste,tomar,Past,2nd,Singular
toma,tomar,Present,3rd,Singular
tomou,tomar,Past,3rd,Singular
tomamos,tomar,Present,1st,Plural
tomámos,tomar,Past,1st,Plural
tomais,tomar,Present,2nd,Plural
tomastes,tomar,Past,2nd,Plural
tomam,tomar,Present,3rd,Plural
tomaram,tomar,Past,3rd,Plural
tomando,tomar,Gerund,N/A,N/A
trabalho,trabalhar,Present,1st,Singular
trabalhei,trabalhar,Past,1st,Singular
trabalhas,trabalhar,Present,2nd,Singular
trabalhaste,trabalhar,Past,2nd,Singular
trabalha,trabalhar,Present,3rd,Singular
trabalhou,trabalhar,Past,3rd,Singular
trabalhamos,trabalhar,Present,1st,Plural
trabalhámos,trabalhar,Past,1st,Plural
trabalhais,trabalhar,Present,2nd,Plural
trabalhastes,trabalhar,Past,2nd,Plural
trabalham,trabalhar,Present,3rd,Plural
trabalharam,trabalhar,Past,3rd,Plural
trabalhando,trabalhar,Gerund,N/A,N/A
tranco,trancar,Present,1st,Singular
trancei,trancar,Past,1st,Singular
trancas,trancar,Present,2nd,Singular
trancaste,trancar,Past,2nd,Singular
tranca,trancar,Present,3rd,Singular
trancou,trancar,Past,3rd,Singular
trancamos,trancar,Present,1st,Plural
trancámos,trancar,Past,1st,Plural
trancais,trancar,Present,2nd,Plural
trancastes,trancar,Past,2nd,Plural
trancam,trancar,Present,3rd,Plural
trancaram,trancar,Past,3rd,Plural
trancando,trancar,Gerund,N/A,N/A
trato,tratar,Present,1st,Singular
tratei,tratar,Past,1st,Singular
tratas,tratar,Present,2nd,Singular
trataste,tratar,Past,2nd,Singular
trata,tratar,Present,3rd,Singular
tratou,tratar,Past,3rd,Singular
tratamos,tratar,Present,1st,Plural
tratámos,tratar,Past,1st,Plural
tratais,tratar,Present,2nd,Plural
tratastes,tratar,Past,2nd,Plural
tratam,tratar,Present,3rd,Plural
trataram,tratar,Past,3rd,Plural
tratando,tratar,Gerund,N/A,N/A
trazo,trazer,Present,1st,Singular
trazi,trazer,Past,1st,Singular
trazes,trazer,Present,2nd,Singular
trazeste,trazer,Past,2nd,Singular
traze,trazer,Present,3rd,Singular
trazeu,trazer,Past,3rd,Singular
trazemos,trazer,Present,1st,Plural
trazemos,trazer,Past,1st,Plural
trazeis,trazer,Present,2nd,Plural
trazestes,trazer,Past,2nd,Plural
trazem,trazer,Present,3rd,Plural
trazeram,trazer,Past,3rd,Plural
trazendo,trazer,Gerund,N/A,N/A
treino,treinar,Present,1st,Singular
treinei,treinar,Past,1st,Singular
treinas,treinar,Present,2nd,Singular
treinaste,treinar,Past,2nd,Singular
treina,treinar,Present,3rd,Singular
treinou,treinar,Past,3rd,Singular
treinamos,treinar,Present,1st,Plural
treinámos,treinar,Past,1st,Plural
treinais,treinar,Present,2nd,Plural
treinastes,treinar,Past,2nd,Plural
treinam,treinar,Present,3rd,Plural
treinaram,treinar,Past,3rd,Plural
treinando,treinar,Gerund,N/A,N/A
troco,trocar,Present,1st,Singular
trocei,trocar,Past,1st,Singular
trocas,trocar,Present,2nd,Singular
trocaste,trocar,Past,2nd,Singular
troca,trocar,Present,3rd,Singular
trocou,trocar,Past,3rd,Singular
trocamos,trocar,Present,1st,Plural
trocámos,trocar,Past,1st,Plural
trocais,trocar,Present,2nd,Plural
trocastes,trocar,Past,2nd,Plural
trocam,trocar,Present,3rd,Plural
trocaram,trocar,Past,3rd,Plural
trocando,trocar,Gerund,N/A,N/A
uso,usar,Present,1st,Singular
usei,usar,Past,1st,Singular
usas,usar,Present,2nd,Singular
usaste,usar,Past,2nd,Singular
usa,usar,Present,3rd,Singular
usou,usar,Past,3rd,Singular
usamos,usar,Present,1st,Plural
usámos,usar,Past,1st,Plural
usais,usar,Present,2nd,Plural
usastes,usar,Past,2nd,Plural
usam,usar,Present,3rd,Plural
usaram,usar,Past,3rd,Plural
usando,usar,Gerund,N/A,N/A
varro,varrer,Present,1st,Singular
varri,varrer,Past,1st,Singular
varres,varrer,Present,2nd,Singular
varreste,varrer,Past,2nd,Singular
varre,varrer,Present,3rd,Singular
varreu,varrer,Past,3rd,Singular
varremos,varrer,Present,1st,Plural
varremos,varrer,Past,1st,Plural
varreis,varrer,Present,2nd,Plural
varrestes,varrer,Past,2nd,Plural
varrem,varrer,Present,3rd,Plural
varreram,varrer,Past,3rd,Plural
varrendo,varrer,Gerund,N/A,N/A
vo,ver,Present,1st,Singular
vi,ver,Past,1st,Singular
ves,ver,Present,2nd,Singular
veste,ver,Past,2nd,Singular
ve,ver,Present,3rd,Singular
veu,ver,Past,3rd,Singular
vemos,ver,Present,1st,Plural
vemos,ver,Past,1st,Plural
veis,ver,Present,2nd,Plural
vestes,ver,Past,2nd,Plural
vem,ver,Present,3rd,Plural
veram,ver,Past,3rd,Plural
vendo,ver,Gerund,N/A,N/A
viajo,viajar,Present,1st,Singular
viajei,viajar,Past,1st,Singular
viajas,viajar,Present,2nd,Singular
viajaste,viajar,Past,2nd,Singular
viaja,viajar,Present,3rd,Singular
viajou,viajar,Past,3rd,Singular
viajamos,viajar,Present,1st,Plural
viajámos,viajar,Past,1st,Plural
viajais,viajar,Present,2nd,Plural
viajastes,viajar,Past,2nd,Plural
viajam,viajar,Present,3rd,Plural
viajaram,viajar,Past,3rd,Plural
viajando,viajar,Gerund,N/A,N/A
vo,vir,Present,1st,Singular
vi,vir,Past,1st,Singular
ves,vir,Present,2nd,Singular
viste,vir,Past,2nd,Singular
ve,vir,Present,3rd,Singular
viu,vir,Past,3rd,Singular
vimos,vir,Present,1st,Plural
vimos,vir,Past,1st,Plural
vis,vir,Present,2nd,Plural
vistes,vir,Past,2nd,Plural
vem,vir,Present,3rd,Plural
viram,vir,Past,3rd,Plural
vindo,vir,Gerund,N/A,N/A
visito,visitar,Present,1st,Singular
visitei,visitar,Past,1st,Singular
visitas,visitar,Present,2nd,Singular
visitaste,visitar,Past,2nd,Singular
visita,visitar,Present,3rd,Singular
visitou,visitar,Past,3rd,Singular
visitamos,visitar,Present,1st,Plural
visitámos,visitar,Past,1st,Plural
visitais,visitar,Present,2nd,Plural
visitastes,visitar,Past,2nd,Plural
visitam,visitar,Present,3rd,Plural
visitaram,visitar,Past,3rd,Plural
visitando,visitar,Gerund,N/A,N/A
vivo,viver,Present,1st,Singular
vivi,viver,Past,1st,Singular
vives,viver,Present,2nd,Singular
viveste,viver,Past,2nd,Singular
vive,viver,Present,3rd,Singular
viveu,viver,Past,3rd,Singular
vivemos,viver,Present,1st,Plural
vivemos,viver,Past,1st,Plural
viveis,viver,Present,2nd,Plural
vivestes,viver,Past,2nd,Plural
vivem,viver,Present,3rd,Plural
viveram,viver,Past,3rd,Plural
vivendo,viver,Gerund,N/A,N/A
voo,voar,Present,1st,Singular
voei,voar,Past,1st,Singular
voas,voar,Present,2nd,Singular
voaste,voar,Past,2nd,Singular
voa,voar,Present,3rd,Singular
voou,voar,Past,3rd,Singular
voamos,voar,Present,1st,Plural
voámos,voar,Past,1st,Plural
voais,voar,Present,2nd,Plural
voastes,voar,Past,2nd,Plural
voam,voar,Present,3rd,Plural
voaram,voar,Past,3rd,Plural
voando,voar,Gerund,N/A,N/A
volto,voltar,Present,1st,Singular
voltei,voltar,Past,1st,Singular
voltas,voltar,Present,2nd,Singular
voltaste,voltar,Past,2nd,Singular
volta,voltar,Present,3rd,Singular
voltou,voltar,Past,3rd,Singular
voltamos,voltar,Present,1st,Plural
voltámos,voltar,Past,1st,Plural
voltais,voltar,Present,2nd,Plural
voltastes,voltar,Past,2nd,Plural
voltam,voltar,Present,3rd,Plural
voltaram,voltar,Past,3rd,Plural
voltando,voltar,Gerund,N/A,N/A
sou,ser,Present,1st,Singular
fui,ser,Past,1st,Singular
és,ser,Present,2nd,Singular
foste,ser,Past,2nd,Singular
é,ser,Present,3rd,Singular
foi,ser,Past,3rd,Singular
somos,ser,Present,1st,Plural
fomos,ser,Past,1st,Plural
sois,ser,Present,2nd,Plural
fostes,ser,Past,2nd,Plural
são,ser,Present,3rd,Plural
foram,ser,Past,3rd,Plural
sendo,ser,Gerund,N/A,N/A
estou,estar,Present,1st,Singular
estive,estar,Past,1st,Singular
estás,estar,Present,2nd,Singular
estiveste,estar,Past,2nd,Singular
está,estar,Present,3rd,Singular
esteve,estar,Past,3rd,Singular
estamos,estar,Present,1st,Plural
estivemos,estar,Past,1st,Plural
estais,estar,Present,2nd,Plural
estivestes,estar,Past,2nd,Plural
estão,estar,Present,3rd,Plural
estiveram,estar,Past,3rd,Plural
estando,estar,Gerund,N/A,N/A
posso,poder,Present,1st,Singular
pude,poder,Past,1st,Singular
podes,poder,Present,2nd,Singular
pudeste,poder,Past,2nd,Singular
pode,poder,Present,3rd,Singular
pôde,poder,Past,3rd,Singular
podemos,poder,Present,1st,Plural
pudemos,poder,Past,1st,Plural
podeis,poder,Present,2nd,Plural
pudestes,poder,Past,2nd,Plural
podem,poder,Present,3rd,Plural
puderam,poder,Past,3rd,Plural
podendo,poder,Gerund,N/A,N/A
